"X","PSU_SSU_ID","ID_PSU","ID_SSU","spRich","nrFam","funcGroupsRich","funcGroupsRelRich","Foraging.O","Foraging.W","Foraging.S","Feeding.I","Feeding.G","Feeding.O","bDiv_min","bDiv_max","bDiv_mean","bDiv_sd","EXO","END","NAT","RIQ","CHE","DCH_EVR","FPH_CON","FPH_DEC","FPH_EVR","GEO","HCH","HEL","HYD","LHE","LPH_EVR","MPH_EVR","MPH_NLE","SCH_EVR","THE","TPH_DEC","TPH_EVR","TPH_NLE","summer16_b02_avg","summer16_b03_avg","summer16_b04_avg","summer16_b08_avg","summer16_b02_std","summer16_b03_std","summer16_b04_std","summer16_b08_std","summer16_NDVI_avg","summer16_NDVI_std","sum16_km10c_shn","sum16_km20c_shn","PCA_S2a_summer2016.1_avg","PCA_S2a_summer2016.2_avg","PCA_S2a_summer2016.3_avg","PCA_S2a_summer2016.1_std","PCA_S2a_summer2016.2_std","PCA_S2a_summer2016.3_std"
1,"104-1",104,2536,4,3,4,0.285714286,0,4,0,2,0,2,3,14,7.490909091,2.459751067,4,7,100,104,13,0,1,4,1,2,1,2,0,27,5,2,2,1,36,4,2,1,260.955,506.205,422.34,2775.0175,30.8403273243603,71.96029241332,76.301994639491,420.598931104044,0.73330938488245,0.0476938487966482,1.41463478312361,1.90136790458196,505.764683478475,-437.399941089153,43.1037701969221,809.733140755429,215.495132263796,66.2761584213776
2,"104-2",104,2540,4,4,4,0.285714286,1,3,0,3,0,1,4,16,8.4,2.487399438,1,5,50,51,9,1,1,3,1,1,0,0,0,9,5,2,2,1,14,1,0,1,268.855,470.625,435.945,2423.41,74.2527619462172,113.325531391487,148.973217471496,401.334617979776,0.697059340104461,0.0806641430233054,1.56519491879126,1.96330155664317,-697.653937711716,-398.595996615887,71.5837887307536,716.066483760978,368.295940159583,100.482901117009
3,"104-3",104,2548,6,5,4,0.285714286,3,3,0,4,1,1,5,15,9.2,2.333639124,2,9,97,99,14,1,1,4,2,2,4,0,0,21,5,2,2,1,34,2,3,1,316.1575,531.87,548.5425,2550.63,114.974804666153,166.602894365697,270.651295032014,577.227087788847,0.655058356449008,0.116435840746268,2.01250911425135,2.44097719530766,-423.698827815056,-36.9120782700926,-18.3876014107466,1093.46627270034,547.140344062088,134.127057729671
4,"104-4",104,2766,6,5,4,0.285714286,3,3,0,3,1,2,2,17,8.909090909,2.447786697,8,9,114,122,11,1,1,3,1,0,1,0,0,30,5,1,1,1,62,1,2,1,532.545,811.3525,893.835,3019.895,277.665614469359,303.967875633747,424.945484075417,318.3429196814,0.557001738585532,0.137146550224282,1.512710082271,2.01334416334232,823.261327557713,720.668189967871,67.437804774195,715.37044841933,893.257346738144,258.2417032786
5,"104-5",104,2770,6,5,4,0.285714286,0,6,0,3,0,3,3,15,8.527272727,2.778386737,2,11,107,109,12,0,1,5,2,3,5,1,0,36,5,1,1,1,30,2,3,1,264.3825,453.395,399.1325,2724.4725,107.260889609632,145.857258388335,226.273117610406,691.05213397647,0.744243991300464,0.108483681116644,1.70410439557903,2.15883861264673,-615.341421325207,-606.567857475281,43.7659541584551,1206.34133286852,451.066648006093,137.654343743852
6,"108-1",108,2606,8,7,6,0.428571429,2,5,1,6,0,2,5,17,9.945454545,2.452620256,0,10,68,68,6,0,1,1,0,3,4,1,0,20,3,1,1,1,20,2,3,1,309.5325,498.62,458.4375,2419.1975,89.0529618754873,95.1323078137755,162.075514111281,448.742016069607,0.67398804590106,0.121108274419677,1.54935316716027,1.80282440043473,-1026.70660178185,-241.435934373736,-4.87601710669696,738.926858969851,431.076297518924,98.2017633916686
7,"108-3",108,2618,9,5,6,0.428571429,5,3,1,2,4,3,6,16,10.91818182,2.222205773,13,18,109,122,14,0,0,4,1,4,6,2,0,43,3,1,0,1,39,1,2,1,477.8225,723.515,852.53,2719.0475,164.862017170462,194.215508996674,331.603704203683,587.043047051474,0.525733769908547,0.145412387810145,1.92560052188792,2.50931489221894,-189.905757924765,631.938057486843,-9.77096114099026,1061.28226189682,631.986707625967,193.181028086272
8,"108-4",108,2801,8,6,4,0.285714286,0,8,0,6,0,2,3,16,8.909090909,3.16095867,1,7,60,61,11,0,1,5,1,2,3,1,0,16,2,1,0,1,10,3,3,1,215.1475,402.9725,283.325,2773.505,63.9444522706269,87.5444848967632,127.066376493106,507.799350556955,0.811201129034162,0.0851018305687627,1.25077389295026,1.59626918561951,-772.965505408645,-803.985593562126,-14.7092195109464,758.47031204879,316.758301935104,77.0713314228265
9,"108-5",108,2805,7,5,5,0.357142857,1,6,0,3,1,3,2,15,8.845454545,2.431393921,0,9,60,60,10,0,1,1,0,2,3,1,0,20,3,1,1,1,10,2,3,1,351.4125,576.1975,621.215,2581.3025,121.389686479986,152.933220454375,306.884496203417,311.440216598688,0.624589850232005,0.123847504764032,1.64696263786505,1.99509153373829,-78.0090056189895,291.924770550728,-108.913586342335,622.528017878669,582.904153094525,171.094200311235
10,"127-2",127,3045,8,5,7,0.5,3,4,1,5,2,1,5,17,10.49090909,2.558473794,2,14,104,106,14,0,1,3,1,4,7,1,0,36,2,1,1,1,29,2,2,1,252.4525,472.75,377.4875,2950.27,61.7176669990004,96.7928439327592,149.199769677871,730.36943451735,0.763532975465059,0.100393288457992,1.81444461085991,2.29801454049144,198.133746902943,-531.097264868021,-64.6768789026141,1229.99154042893,484.263069229295,105.639800526997
11,"127-3",127,3053,11,8,8,0.571428571,3,7,1,7,1,3,5,19,11.22727273,2.932447676,8,16,118,126,14,0,1,3,0,3,5,1,0,48,3,1,1,0,40,3,2,1,353.93,601.4,669.9175,2859.0525,138.88290482681,186.098823021062,350.256741771863,601.538478483705,0.629837531000376,0.143884591724373,2.01338989322183,2.5576453707015,-348.414951329231,107.624495037794,-52.8807308331132,1057.64344267428,629.428933688177,159.600913289641
12,"127-4",127,3281,3,3,3,0.214285714,2,0,1,2,1,0,2,14,7.481818182,2.677571878,12,12,67,79,9,0,1,0,0,3,4,2,0,23,3,0,1,1,29,0,2,1,505.0075,801.7375,920.7525,2975.1325,143.755788616151,141.738060478548,220.594324232195,321.283781280716,0.528649312891066,0.0935375573538762,1.19814032096776,1.8410386988911,170.397041955516,624.545229699835,67.8144639593363,513.723813274432,475.399068683693,164.006139225568
13,"127-5",127,3285,5,4,4,0.285714286,0,5,0,3,0,2,2,14,7.3,2.564936468,4,12,98,102,14,0,1,3,0,3,5,1,0,36,2,1,1,0,30,2,2,1,310.09,538.25,551.965,2700.715,121.372526237667,169.986841596017,342.353492108518,430.538881049364,0.675354685112834,0.14583067649468,1.74308347763456,2.22654838022208,-652.807045657635,-194.915209518857,14.3395272700489,759.888213852368,585.423674966237,134.534955371737
14,"15-1",15,291,11,7,9,0.642857143,2,6,3,6,2,3,8,18,12.15454545,2.339083031,1,10,104,105,25,1,3,5,1,2,3,0,0,28,7,2,3,1,18,1,4,1,397.295,619.575,679.09,2874.97,165.866307775684,189.355494065612,324.084191697575,562.682613387442,0.618743822202086,0.171134524574082,2.06891769366923,2.63665229116981,108.06357262373,253.645799426436,-87.5143657177687,938.559268000607,799.405073960387,167.149040781846
15,"15-2",15,295,4,4,4,0.285714286,0,4,0,2,0,2,0,14,6.8,2.544286638,0,7,53,53,12,2,1,0,1,1,1,0,0,12,5,1,3,1,9,0,3,1,319.875,560.51,493.265,3338.475,105.84785683703,94.0957220721575,234.493192691273,937.912131968253,0.716822967231274,0.172185271249017,1.77817823132441,2.3097993858574,702.809256304502,-457.530910907555,-6.05086032580584,1449.0809526701,890.571390884104,152.800666652274
16,"15-3",15,303,4,4,4,0.285714286,0,4,0,2,0,2,0,14,6.8,2.544286638,0,8,72,72,22,0,1,2,1,1,3,0,0,18,6,2,3,0,9,0,3,1,456.7525,711.3925,853.1675,3083.75,195.084818629999,242.665479169786,450.667413107318,475.944977443701,0.579217943064868,0.179152635576162,1.95280295486769,2.43589660816966,584.549240458012,576.961178640425,-93.6571715201437,762.250371674285,895.808415009529,227.307901584031
17,"15-4",15,386,4,4,4,0.285714286,1,1,2,3,0,1,1,16,7.836363636,3.012290642,0,14,97,97,27,1,0,3,1,3,2,1,0,31,6,2,3,2,10,1,3,1,277.75,524.5275,436.27,3190.0075,78.7987029650389,106.449862267134,160.739291710986,424.413476980121,0.758979519233108,0.0818984681480881,1.42217368920566,1.9661803619244,549.057086670026,-477.808570817709,-49.7967490435299,744.426837484769,338.170441914134,120.488230446009
18,"15-5",15,390,10,7,9,0.642857143,4,5,1,4,3,3,8,19,12.78181818,2.185783164,0,7,49,49,9,1,1,0,1,1,0,0,0,16,5,2,3,1,5,1,3,0,192.9875,292.995,247.83,1985.84,31.3885400243808,45.0375501922373,55.9761952627206,185.638218776944,0.778831601887941,0.0388482413013793,0.253638946921691,0.371115426948412,-2056.61734588623,-864.364395446777,90.0481657780707,284.955801926435,146.761539493623,52.63213560608
19,"169-1",169,3966,4,4,4,0.285714286,0,4,0,2,0,2,0,14,6.8,2.544286638,1,11,59,60,9,0,3,4,0,2,5,0,0,13,4,1,2,1,11,2,2,1,256.745,506.045,359.005,3404.4325,103.879195188365,159.398204016259,202.398871620083,699.132871759501,0.809577433094382,0.105341503962482,1.62582209953654,2.1807887110951,999.790614844263,-799.622624139786,1.23791573643684,1188.68366705939,533.290045547042,118.280888813125
20,"169-3",169,4223,4,2,2,0.142857143,0,4,0,4,0,0,3,14,7.545454545,2.550899692,1,14,90,91,18,0,2,4,1,3,7,1,0,24,5,1,2,1,16,2,3,1,368.1675,623.06,610.0675,2852.28,126.189734393952,152.334963987697,249.502166868205,609.848250650976,0.643658476769924,0.131718738102897,1.85405005695364,2.45365976406486,275.70467836529,77.9366693037748,-1.23842911612242,999.620531357459,606.164546836092,149.409235503577
21,"169-4",169,4231,5,5,4,0.285714286,0,5,0,3,0,2,2,14,7.536363636,2.518472206,0,13,69,69,9,0,0,3,1,3,5,0,0,19,4,1,2,1,16,2,2,1,252.205,445.315,382.0325,2318.3425,51.6609631422214,80.0317341507601,113.89256003721,567.878053725893,0.709898942112923,0.0891686915287935,1.27837446816223,1.83857861835711,-1388.18295856953,-420.344313782454,11.0186969825998,931.868915472484,318.311335978673,92.6476102035767
22,"169-5",169,4235,5,5,5,0.357142857,2,1,2,3,1,1,3,17,9.009090909,2.953758155,0,9,39,39,8,0,1,0,0,2,3,0,0,8,4,0,1,0,11,0,0,1,395.3425,667.8875,668.4975,3189.2025,138.881786315468,141.335821289931,277.113894038938,781.201033108042,0.640268066823482,0.16498284231721,1.86009856856845,2.49002182210341,1173.69634766102,223.755620118976,-86.3118514053524,1260.0606066536,868.11883718797,171.308749972976
23,"176-1",176,4296,3,3,3,0.214285714,2,1,0,1,2,0,2,14,6.954545455,2.405598835,17,7,125,142,14,0,1,3,3,3,2,1,0,41,4,2,2,2,60,1,2,1,575.5125,836.3525,903.9275,3038.0625,276.456869775133,276.075737390465,378.24706124715,544.704839338469,0.538007052298635,0.191056865447183,1.71209350342635,2.33945109548003,795.528929472417,603.859305991828,148.49556755513,842.984091031992,820.388866297639,328.986804354949
24,"176-2",176,4300,11,6,6,0.428571429,9,2,0,5,4,2,4,19,12.5,3.003820198,9,5,113,122,9,0,1,3,0,3,4,0,0,36,2,2,2,2,54,1,2,1,470.5975,737.7375,757.345,3269.395,206.150066987735,234.828745990794,355.38178274042,523.551697471044,0.628958361856639,0.150824221832494,1.94103303614995,2.37092872706832,633.87945051372,140.177298020124,59.7819837987423,818.895682639855,655.035945458264,251.06958782686
25,"176-3",176,4448,11,10,9,0.642857143,3,7,1,7,1,3,9,21,12.79090909,2.779662228,13,10,164,177,16,0,0,7,4,12,2,5,0,59,0,3,3,0,60,2,3,1,378.885,640.485,637.7775,3300.7075,168.926573525623,227.754913286883,436.150497115486,900.182839653014,0.681013441309333,0.171556860839144,1.99413729307747,2.67363092030353,864.630122887194,-40.3747553491592,-58.2107197200507,1648.6546856303,1036.28986311361,185.628148181012
26,"176-4",176,4456,1,1,1,0.071428571,1,0,0,0,1,0,1,13,6.827272727,2.667710735,2,5,50,52,8,0,1,2,1,2,2,0,0,11,5,2,2,0,14,0,1,1,337.025,595.03,583.9325,2754.0225,68.063028249824,74.433931276759,139.749607605226,418.60209780227,0.645439956262708,0.0902433804518919,1.57499991074219,1.80935990272972,184.16769905664,113.568909686208,-26.3343201526254,730.367974246914,345.055828534721,96.1780741205095
27,"176-5",176,4460,8,5,5,0.357142857,4,4,0,3,4,1,4,16,9.672727273,2.556190869,8,5,109,117,11,0,1,3,0,3,1,3,0,36,0,1,2,1,53,0,2,0,439.485,712.525,694.55,3247.555,136.727340679262,142.329542335925,274.156555716996,468.228118444691,0.645438339412212,0.13512200957792,1.61118592785103,2.17500094600938,834.819933390915,208.831272114702,-54.2426458093524,673.421950418694,703.971468548449,198.80800915693
28,"180-1",180,4316,8,6,6,0.428571429,2,5,1,4,2,2,4,18,9.636363636,2.622161279,1,12,98,99,15,0,0,4,1,5,5,2,0,29,2,2,1,1,28,1,2,1,427.8475,645.265,735.2,2478.335,177.949245794826,220.220645277677,288.487664956546,412.793372883749,0.552264896854758,0.124847283072725,1.56324904971963,2.30590672873957,-721.921806020737,518.753699732423,-61.7378274143487,1032.71249918733,673.938948625781,164.643394500779
29,"180-3",180,4528,4,3,3,0.214285714,1,1,2,2,1,1,3,16,8.290909091,2.713694305,0,6,50,50,4,1,0,0,0,5,2,0,0,8,4,1,1,1,23,0,0,0,432.225,660.025,756.4775,2574.14,87.6255096982305,82.8788370398178,147.390992790059,447.820027849758,0.537690782696009,0.105823333385973,1.3354236677527,1.83039007795191,-187.66605461508,796.190172668397,-201.950900392684,687.020114322086,493.931430552438,149.762577512602
30,"180-4",180,4536,8,6,7,0.5,4,3,1,4,2,2,5,20,10.89090909,2.796936248,1,8,77,78,9,1,1,2,1,4,5,3,0,17,5,1,2,1,25,1,0,0,350.2575,603.5325,640.35,2703.0875,76.269185556249,74.9525426712277,159.220162512089,494.381712888783,0.609274515807629,0.109918192847172,1.53650169347176,2.05180415023261,-513.903902591169,128.473689510077,-21.5631642017514,763.934133624796,467.747220558418,123.109627392688
31,"180-5",180,4540,4,4,3,0.214285714,3,0,1,2,2,0,2,17,8.945454545,3.138504183,0,4,37,37,6,0,0,0,0,2,2,0,0,7,3,0,1,1,15,0,0,0,539.1475,810.97,1057.6625,2583.7325,90.1677675753582,70.3981095952616,158.786149259757,317.100667022818,0.415177306495607,0.101228487590917,1.14198578445309,1.77131473112331,-109.996955845356,1232.58794810057,-18.4734330217168,599.910677725846,438.767701981653,131.807932946442
32,"185-1",185,4341,2,2,2,0.142857143,1,1,0,0,1,1,1,14,6.436363636,2.568429616,0,9,40,40,9,0,0,0,0,2,2,0,0,9,4,0,2,0,11,0,0,1,393.5125,663.15,670.745,2895.68,91.0529595750101,105.945758572009,182.513830217196,710.847200145634,0.611222435608506,0.116985292489762,1.78513017348942,2.18170109262248,266.048295139149,304.940641383901,-69.5080061893165,1114.94331448645,564.063201508114,132.698042909485
33,"185-2",185,4345,5,5,3,0.214285714,0,5,0,4,0,1,2,14,8.009090909,2.7074327,0,14,66,66,10,0,0,3,1,2,5,0,0,19,4,1,2,1,14,2,1,1,258.26,425.65,375.685,2201.4325,62.7611728063623,74.1406067815393,129.357427832105,413.773987492645,0.703294533938169,0.100829842420728,0.97600747743368,1.54947098023903,-1673.00755233765,-370.582089937925,-21.3951375433058,584.428675807871,365.603355915077,74.5652394128113
34,"185-3",185,4628,6,3,5,0.357142857,2,4,0,3,2,1,3,14,8.090909091,2.56849456,0,5,58,58,10,0,1,2,0,1,4,0,0,13,3,1,1,0,15,3,3,1,314.765,511.5675,478.7125,2658.93,122.575636820106,144.009834820621,232.351981812897,356.06733206292,0.699222303703427,0.121240294513672,1.48622131708769,2.00934820045664,-610.089976803064,-230.442416231707,-45.3419815352559,552.765993042101,456.416634605231,125.768087306165
35,"185-4",185,4636,10,8,7,0.5,6,3,1,5,3,2,7,17,12.70909091,2.168775305,0,7,74,74,11,0,1,2,0,1,3,0,0,20,3,1,1,0,24,3,3,1,525.545,772.8875,890.225,2910.375,179.24274847872,184.143958187861,304.048768306619,560.156757844084,0.527080905176699,0.156317055212595,1.76998731252432,2.20586859256005,741.319742138386,940.921528966427,-103.442843191028,859.349322580946,749.578569770238,260.008740947386
36,"185-5",185,4640,6,5,5,0.357142857,4,2,0,2,2,2,4,16,8.927272727,2.212181002,0,12,86,86,14,0,1,2,0,1,3,2,0,31,3,1,2,0,18,3,4,1,425.175,681.2025,802,2983.78,185.178135127567,243.992812856371,476.544148861925,589.058555284519,0.594320206381381,0.187222240836506,2.14290013647171,2.66035490467109,434.764188864231,330.692177041769,29.1779045324773,1083.39204099764,927.705783051391,196.58447968695
37,"190-1",190,4706,2,2,2,0.142857143,1,1,0,2,0,0,2,13,7.436363636,2.455203322,1,8,59,60,7,1,1,2,1,3,1,1,0,10,3,2,3,1,21,1,1,1,288.1575,581.1725,430.995,3354.96,40.3579559103674,52.4940167852072,83.6426338687469,461.231970625213,0.767894721627235,0.0575331123760655,0.992630250972962,1.76208967900929,1531.96770875931,-697.144324311316,119.670511621833,855.712954333279,294.519422471112,90.9005506703099
38,"190-2",190,4710,8,6,6,0.428571429,4,4,0,5,2,1,5,16,9.709090909,2.327913798,8,9,136,144,13,0,0,4,1,3,1,3,0,62,2,1,2,1,47,2,2,0,462.775,753.615,767.5525,3421.4275,204.086593678512,216.765194736431,382.310247124493,528.977393136866,0.631287042200565,0.178674173959006,1.31174067705962,1.92711420181233,1601.16485374451,283.048247519806,3.89841349169612,674.542092990851,874.553910700959,275.818699355805
39,"190-3",190,4733,7,5,4,0.285714286,0,6,1,6,0,1,3,17,9.445454545,2.784578645,7,12,155,162,11,0,1,8,1,7,2,2,0,60,4,5,2,1,50,3,3,2,231.905,441.745,299.69,3384.37,81.4758354015837,129.584568432896,136.190246928317,546.89412234237,0.838559731394052,0.0624840534910044,1.3323755996536,1.65594053368823,932.435940421745,-1076.85097818375,26.0375454354286,978.638993844934,269.699769446066,122.147529650671
40,"190-4",190,5001,2,2,2,0.142857143,2,0,0,2,0,0,2,15,7.327272727,2.665130222,3,13,140,143,15,0,1,5,1,6,6,1,0,48,2,2,3,1,46,3,1,2,285.1975,583.615,437.875,3756.0325,69.0349044965452,98.9148732769166,160.010461359128,609.424661043077,0.787506285905838,0.0829291647876866,1.30817349754128,1.83782060423863,1550.11420770884,-778.115118620694,57.9158699347079,901.331954513518,438.238238017608,141.963231904834
41,"190-5",190,5005,7,4,6,0.428571429,3,4,0,4,2,1,4,15,8.809090909,2.421219098,9,7,144,153,11,0,1,5,2,7,2,2,0,55,2,3,2,1,53,3,2,2,422.1225,658.505,646.37,3176.2375,327.852834663271,357.272969747616,524.554503046792,538.356252615846,0.679641776103526,0.221837360104309,2.0133577612685,2.52353364919044,630.568973746896,-130.054502103999,102.91052655736,907.07897532381,1091.37579830335,350.593355449542
42,"192-1",192,4761,4,4,3,0.214285714,1,2,1,3,1,0,3,13,7.709090909,2.335782503,1,1,26,27,5,0,1,1,1,0,0,0,0,4,5,1,2,0,7,0,0,0,455.61,622.3175,689.115,2085.6925,257.664287616235,299.007383239661,364.772778211739,374.6443499054,0.517086871527135,0.139793197847844,1.17676993401796,1.72439526630969,-1647.63896831512,429.890589131117,12.4585287600756,690.723031016836,636.34299675196,287.836915235795
43,"192-2",192,4765,4,3,4,0.285714286,1,3,0,1,1,2,3,16,8.018181818,2.438159248,1,3,49,50,7,0,0,2,1,2,2,0,0,9,5,1,2,0,17,0,1,1,413.49,633.5675,691.6275,2491.2975,86.6367110366507,91.7019004170592,157.690216102287,268.03337239146,0.566050796657801,0.0801625691919723,0.893399645536875,1.50700756745086,-485.682942886353,368.144437463284,29.9978924453631,428.792116004118,278.090436595322,127.375602567684
44,"192-3",192,4773,6,6,4,0.285714286,1,5,0,3,0,3,3,15,9.036363636,2.798844036,2,4,43,45,8,0,1,1,1,2,1,0,0,7,5,2,1,0,14,0,1,1,652.1225,918.82,1117.4675,2738.0725,312.895784445171,361.388179303572,516.936565233044,342.542882438862,0.440149522274733,0.216883535997092,1.65033201306172,2.14760578958403,364.95279471159,1436.54109194994,31.1809866777807,623.659663205504,1411.14099831658,231.181674453873
45,"192-4",192,5011,1,1,1,0.071428571,0,1,0,0,0,1,1,13,5.790909091,2.50904951,1,4,49,50,7,0,1,1,1,1,3,0,0,12,5,1,2,0,16,0,0,0,231.4275,435.585,361.6175,2961.08,58.5952066243338,117.988796779243,150.972739638768,537.49511261985,0.785111937522888,0.0674582181705992,1.37052400614067,1.79785065725042,-129.941029285938,-849.669893679619,87.7444349320233,950.526109951579,325.27325376607,70.5147521831301
46,"192-5",192,5015,6,5,5,0.357142857,4,2,0,3,2,1,2,15,8.381818182,2.453164286,13,5,99,112,16,0,1,3,1,1,1,1,0,27,3,1,1,1,51,2,2,0,548.41,831.2175,963.965,3143.16,202.91211204123,226.678855327048,385.491423860083,531.363941659801,0.533234268799424,0.166934001252411,1.57037914707704,2.12778830108152,1108.93130811943,820.127805631161,38.3479972635955,852.115813301932,842.985646769007,273.345219666442
47,"198-1",198,4881,4,4,2,0.142857143,4,0,0,3,1,0,3,16,9.690909091,2.731889337,0,9,49,49,6,1,1,0,0,0,4,0,0,10,3,0,1,0,22,0,0,1,416.2175,682.3425,828.25,2652.81,62.1409602524998,49.2203901932618,104.670062840995,347.061851435453,0.519353755787015,0.078496959498055,0.972971291058768,1.56393622611186,276.420397787094,838.529989204407,-113.14292929478,558.122397657399,404.043099005455,144.349872566889
48,"198-2",198,4885,4,4,4,0.285714286,1,3,0,2,0,2,2,15,7.2,2.522558771,1,13,110,111,17,0,1,4,1,4,4,3,1,38,4,1,1,0,26,2,3,1,260.7075,476.885,393.535,2774.1625,58.1979763813762,105.592429548452,158.354283088368,388.851404305457,0.752105272933841,0.0863917591816053,1.45204694501259,2.0274096416367,102.539249626175,-440.829280938506,-51.5521052466333,651.573639075156,450.548967895946,74.0813636092825
49,"198-3",198,4893,7,4,3,0.214285714,7,0,0,4,3,0,4,18,10.57272727,2.833155892,14,8,124,138,14,0,0,1,0,3,5,2,0,42,1,1,0,0,67,0,2,0,590.85,885.0475,1082.16,3220.515,173.148559216926,189.820586030473,374.110004060095,368.25312038962,0.50136943012476,0.147219828127522,1.08355746377918,1.56464646842901,1297.5404570961,1065.99988619566,37.5919213424623,506.369296731161,657.93499662368,277.705096945204
50,"198-4",198,5041,6,5,5,0.357142857,1,5,0,2,1,3,4,16,8.381818182,2.258447214,5,8,84,89,14,0,1,3,1,2,1,0,0,23,2,1,3,0,35,1,1,1,343.725,538.0425,561.6875,2527.9375,116.605924932326,133.599167428521,212.343800398479,465.05245732488,0.63348928719759,0.132262559876054,1.69129701323836,2.33390720814449,-496.863441729546,59.4537265431881,-36.0156663346058,720.844071338546,692.225279944755,133.728909919387
51,"214-1",214,5281,0,0,0,0,0,0,0,0,0,0,0,13,5.890909091,2.686512198,1,4,45,46,7,0,1,1,1,1,3,0,0,7,4,2,2,1,14,1,0,1,415.2325,612.3,611.435,2330.545,80.8555346743108,77.9669617068312,116.773803045436,399.03756140686,0.576424645408988,0.102805102856018,1.04096268590636,1.46084195098234,-1007.40559573704,365.414100934267,-40.6055852168798,588.51008567926,427.616263971676,110.601450904404
52,"214-2",214,5285,6,4,4,0.285714286,1,5,0,3,1,2,4,15,8.163636364,2.219708522,1,6,99,100,14,0,1,4,2,2,2,0,0,21,5,2,3,1,36,3,3,1,302.0875,466.115,475.1425,2473.875,67.3525482676444,85.5889914864006,134.70118119113,369.295080547102,0.675476258546114,0.0879568729033619,1.48700298069937,1.97807062243543,-686.947649250031,-271.384398972392,5.08443991988897,666.015563367172,315.331105897528,99.1664869046115
53,"214-3",214,5293,6,4,4,0.285714286,4,2,0,1,4,1,3,15,8.836363636,2.328630234,3,4,88,91,10,1,1,3,1,3,2,0,0,21,4,1,2,1,37,2,1,1,385.7825,575.055,591.255,2466.7825,359.989355445178,418.524280548359,550.986001555189,505.268394588634,0.656368844155222,0.176633553286574,1.76397972241877,2.26952446574516,-631.014288548231,-65.0368318530917,123.274484374225,1226.42297793502,1126.48157349288,316.693793072344
54,"214-4",214,5486,4,4,4,0.285714286,0,4,0,2,0,2,3,15,7.890909091,2.59620561,1,3,22,23,5,0,0,0,1,1,0,0,0,6,3,1,2,1,3,0,0,0,250.8325,392.8875,375.0275,2460.685,71.1504068487092,98.0986401626158,130.582334597841,282.957316360976,0.737367176413536,0.0735642943580549,0.832105356628767,1.34655840654532,-1000.03167421639,-697.857886817455,98.1590358775854,487.011713159261,362.935036012253,65.4111271904014
55,"214-5",214,5490,7,4,4,0.285714286,3,4,0,4,3,0,3,16,8.972727273,2.59660714,6,7,130,136,8,0,1,4,1,5,3,0,0,47,1,2,2,1,55,3,2,1,329.2325,532.295,534.2275,2854.025,138.756917482059,172.081923647184,319.606377180723,541.305397357185,0.688273031339049,0.153039908598786,1.92659245867517,2.43340159581951,40.8691561937332,-183.440252990723,-34.9665999048203,927.578768354692,805.172221220436,140.431822831596
56,"249-1",249,6111,4,4,4,0.285714286,1,2,1,1,0,3,3,16,7.745454545,2.424781703,7,5,134,141,16,0,1,4,1,5,3,3,0,45,2,1,2,1,52,2,2,1,407.8875,655.795,735.3875,3032.1975,166.97875495183,206.578543686849,404.794607213117,436.909238515852,0.620577841550112,0.176528024068602,1.91938268198672,2.5438489144354,486.661373722553,471.379901430607,-189.965313198566,698.244216759809,1045.95149863746,181.055851588968
57,"249-2",249,6115,6,4,6,0.428571429,2,4,0,2,1,3,3,15,7.945454545,2.314043142,9,5,129,138,15,1,1,3,3,3,2,0,0,40,2,1,2,1,58,3,2,1,497.71,787.66,948.835,3217.2575,221.837260904958,286.387182754598,561.584482158743,547.313865494156,0.567568693570793,0.177478274979542,1.92495802618985,2.38553058907623,894.720604979545,568.584525038004,68.9775927272811,1111.00639917806,1019.26822118354,224.982348839483
58,"249-3",249,6123,3,2,2,0.142857143,3,0,0,0,3,0,2,14,7.318181818,2.452977289,15,2,91,106,7,0,1,2,1,5,0,0,0,25,1,1,2,1,57,1,1,1,626.6925,891.24,1064.7575,2847.5275,217.114150459094,236.280158250661,383.577976236102,358.556790024861,0.464171186555177,0.152429786135045,1.59658807510161,1.98056634460018,344.396686621979,1137.9768492794,68.260434102416,546.564298861002,692.681410831163,300.981046685411
59,"249-4",249,6321,5,5,3,0.214285714,0,2,3,5,0,0,5,17,10.15454545,2.641192265,10,9,153,163,18,0,1,8,1,4,4,3,0,56,2,1,1,1,57,2,3,1,422.965,650.5575,722.9325,2597.08,157.10145110676,216.464937962636,347.761056365662,665.542282597291,0.575295971557498,0.133450041077008,1.88018067710833,2.36610905484416,-355.139887717664,502.704463577271,-98.306920503825,1333.25150178347,766.375051550361,167.952474560284
60,"249-5",249,6325,10,6,6,0.428571429,8,2,0,3,4,3,5,18,11.85454545,2.698407154,4,3,99,103,14,0,1,3,0,4,0,2,0,34,0,1,1,0,41,0,1,1,579.6575,854.5725,922.04,3106.1,235.338640863456,247.779117302443,360.146132134205,481.053892113757,0.542341126985848,0.161890951110516,1.60159280468135,2.07266069931361,794.149194170833,610.774207215309,132.294312804341,673.908758373649,706.458757378772,341.062450881397
61,"252-1",252,6156,6,4,5,0.357142857,0,4,2,5,0,1,4,17,9.072727273,2.778386737,5,9,104,109,13,0,1,5,1,3,2,0,1,25,4,2,2,1,43,2,3,1,250.5125,438.195,366.21,2486.805,52.2536693318911,96.6941382189985,102.252921963753,552.778397612613,0.736691260412335,0.0824973565592691,1.23720970476913,1.7439908457721,-1145.64224393409,-579.860993990898,45.9094138973206,950.608616423345,227.997371266215,87.7561825057953
62,"252-2",252,6160,9,8,5,0.357142857,4,5,0,4,4,1,4,17,10.5,2.547709891,13,6,142,155,12,0,1,4,1,7,4,4,0,61,0,1,1,1,53,2,3,0,451.905,724.9825,700.4925,3314.8975,265.246187200799,295.298315151099,413.099161505857,551.615383053085,0.652837461885065,0.161499570640059,1.86267330170429,2.31072337182772,675.134083972126,50.5273479744792,30.904711818099,780.361187924434,782.184213086702,324.659109266479
63,"252-3",252,6168,1,1,1,0.071428571,0,1,0,1,0,0,1,12,6.118181818,2.608144682,9,9,135,144,15,0,1,6,1,1,1,2,1,44,4,2,2,1,58,2,2,1,294.335,531.545,461.605,3008.32,95.6278174679534,142.615359716503,208.150800778334,439.064587366938,0.73541581004858,0.103445797473645,1.66824280981847,2.19500722048532,295.039167076945,-380.02554299444,-30.2135818140768,730.086457891136,540.218510965802,176.637994352387
64,"252-4",252,6351,8,6,7,0.5,5,2,1,3,4,1,6,19,11.18181818,2.450170629,10,7,118,128,13,0,1,3,1,2,1,1,0,33,4,2,2,1,61,0,2,1,684.745,948.6325,1051.01,2970.345,545.466804730276,506.031691325072,574.50236057458,437.904191779372,0.492360381470062,0.191140718775504,1.74793504572784,2.16059229143103,308.759423002323,754.727141027451,299.447873008251,627.243484385804,994.197071351653,566.972822718784
65,"252-5",252,6355,5,4,5,0.357142857,1,3,1,3,1,1,3,14,8.154545455,2.25927797,9,7,145,154,16,0,1,4,1,4,4,3,0,50,4,2,2,1,55,3,3,1,327.1625,550.96,557.775,3023.8,135.482322622207,181.917338908331,294.99667280737,568.196941571342,0.696015991866589,0.132136199245919,1.82187687707944,2.43648996625088,-81.4302775716782,-199.952980006933,-54.1988752219081,924.9020716247,646.835318007203,148.975666123408
66,"26-1",26,491,6,6,5,0.357142857,1,5,0,3,1,2,2,15,8.036363636,2.619360776,0,12,121,121,25,0,1,5,1,6,6,1,0,36,6,2,3,1,21,3,3,1,360.59,615.71,628.4725,3334.055,106.357612583143,130.694619663636,253.786797509692,372.53467918166,0.685302115529776,0.111230726360416,1.46864760071279,1.93359190527447,730.418126931712,-118.974235833883,-41.1789597968385,537.417485943778,498.367344225639,134.345466711921
67,"26-2",26,495,4,4,4,0.285714286,2,1,1,2,1,1,2,16,7.763636364,2.976751732,0,6,42,42,8,0,0,0,0,2,0,0,0,12,5,1,3,1,6,0,3,1,324.2,613.6,486.8225,3550.545,50.1400044886846,54.6363232616258,114.032009724702,488.045257541267,0.753761024475098,0.0721759981878743,1.3198788235617,1.69897987430319,909.023231221437,-447.835860695839,-18.254242105186,779.593046248647,339.608056666539,81.9705856632423
68,"26-3",26,658,5,5,3,0.214285714,0,5,0,3,0,2,2,14,7.172727273,2.722179007,0,10,62,62,12,1,0,3,0,2,4,0,0,15,4,2,3,1,10,1,3,1,288.6725,577.755,415.8375,4101.8625,76.2641843086955,84.5372185982056,173.102461708011,803.338265936301,0.805226281583309,0.0983855376466413,1.08736134288558,1.72268076633423,2267.85773565769,-895.13627117157,-3.58406565479934,1268.14523837558,623.021487093095,129.76593712126
69,"26-4",26,666,2,2,2,0.142857143,1,0,1,1,1,0,1,15,7.2,2.951597297,0,9,72,72,17,0,0,3,0,4,4,1,0,20,5,2,3,1,7,1,3,1,252.86,481.22,325.405,3339.5375,54.580334666717,72.057458276247,99.821851214801,687.631570344969,0.811763963401318,0.0879296521099564,1.55482999660586,2.02609659221312,1031.82478521381,-838.110621279478,-37.5417862607539,1392.72110633494,442.254813183638,97.0287985864941
70,"292-1",292,7176,5,5,4,0.285714286,0,5,0,2,0,3,3,16,8.645454545,2.717886266,4,4,46,50,7,0,1,3,2,1,0,0,0,7,3,2,2,1,18,1,1,1,251.71,397.305,300.575,2953.7075,72.7397317250248,94.2493199486179,104.454661532119,663.018242523195,0.80995931878686,0.0700795175984634,1.35500673449889,1.6707122081826,88.7037903477251,-1173.28806930542,167.755629256517,1196.16445161075,257.77012237497,122.931566433169
71,"292-2",292,7180,5,3,5,0.357142857,2,2,1,0,3,2,3,15,7.718181818,2.129443301,13,4,139,152,13,0,1,4,2,4,3,3,1,47,3,2,1,2,59,3,3,1,516.72,797.36,877.9075,3329.62,145.527806470586,150.954425229076,319.526786611319,521.574059313125,0.577568818256259,0.156881566474403,1.30158419785249,1.71568202798865,1384.25317914367,709.751605351269,-95.931670272192,670.025296668439,836.989087177843,228.365654335558
72,"292-3",292,7308,6,5,4,0.285714286,1,5,0,3,1,2,4,15,8.054545455,2.43761187,14,6,160,174,18,0,1,6,2,7,5,3,2,53,3,2,2,2,61,3,3,1,289.5375,480.9,432.575,2927.6425,147.147475488391,220.685580211493,344.432073140001,817.745994163944,0.757059931010008,0.135024202881457,1.95709013439218,2.31136193427066,-115.137659547329,-614.603091201782,44.7391425499227,1673.06905424067,822.741308696336,197.595010662573
73,"292-4",292,7316,6,3,4,0.285714286,2,4,0,0,2,4,3,16,8.418181818,2.316204655,8,4,121,129,13,0,1,4,2,5,2,0,1,37,3,2,2,1,49,3,3,1,418.7425,633.155,679.8725,2907.7,242.587805344797,296.99402283379,425.029807291755,430.08660898483,0.642256886158138,0.165258141089483,1.89296222165522,2.40129852965363,341.749532945156,49.7902260252461,68.3890733694471,912.237161957792,929.119212909963,257.020978053636
74,"292-5",292,7320,3,3,3,0.214285714,2,1,0,1,1,1,2,13,7.590909091,2.491436543,2,3,38,40,6,0,1,1,1,1,0,0,0,6,3,2,2,0,15,0,1,1,306.3575,517.55,443.6,3264.6675,111.042788807357,156.133200957076,192.249198661438,486.483960221333,0.762795844823122,0.0839185282017406,1.4744938320243,1.96960586233721,529.598793917894,-684.824916021824,65.472831164673,1022.37830858529,480.11727361682,149.337891032235
75,"303-1",303,7546,11,5,7,0.5,5,2,4,4,6,1,10,20,13.82727273,2.132574319,4,4,64,68,7,0,1,1,1,1,1,0,0,11,1,2,2,0,38,0,1,1,540.0775,795.8625,815.9825,3354.435,357.225491283597,412.102158531615,566.232558645231,902.975416210597,0.612192512638867,0.209761058652525,2.00626768165472,2.57289210563147,1373.79881443381,185.91866682142,202.542718821652,1713.85850054554,1345.79835165713,368.276036816248
76,"303-2",303,7550,7,5,7,0.5,3,3,1,2,2,3,4,15,9.045454545,2.247879178,15,6,110,125,10,0,2,3,4,6,1,0,0,35,3,3,2,1,48,4,2,1,406.03,606.9825,609.3975,2900.205,207.835133475471,260.261497943953,363.440279255359,457.669658997532,0.669507549703121,0.158539889523682,1.89457726153169,2.4344483931546,24.1687957036495,-120.114404506683,76.6343079488724,933.208063504307,876.334693257085,178.801109216601
77,"303-3",303,7558,12,8,8,0.571428571,6,4,2,6,4,2,8,21,14,2.306751161,14,5,112,126,11,0,1,4,1,3,2,2,1,30,0,2,2,0,62,3,1,1,1548.7125,1947.9775,2268.3825,3095.1975,640.346992278444,830.598438723415,1059.77020074624,1021.55930175946,0.170211720857769,0.201030854625043,1.159917759654,1.35720597109679,1860.10740922332,3117.0437057209,1260.38307670593,2448.38984123149,1704.30801235516,779.153220192085
78,"303-4",303,7631,5,5,4,0.285714286,3,2,0,1,1,3,5,16,9.645454545,2.394896576,7,5,97,104,11,0,1,3,1,3,2,0,0,26,2,2,2,1,46,1,2,1,519.9575,732.15,851.0275,2845.63,289.072643424956,345.710771228434,540.510129177158,323.753631848877,0.567786021903157,0.212112360765759,1.70492704161486,2.27440122964565,185.754832452536,500.277786419392,86.7512451690435,703.55572705177,1352.09578138989,205.797839803635
79,"303-5",303,7635,6,4,5,0.357142857,1,4,1,3,2,1,4,13,8.327272727,1.944689739,8,4,101,109,9,0,1,6,1,2,1,0,0,24,1,2,2,1,53,3,2,1,1574.3025,1932.4425,2088.02,3224.1375,1317.49203761035,1533.61022835826,1693.58944334408,994.537165735309,0.320244678141553,0.304629060384721,1.53331389693377,2.00624460507763,1773.7773307848,2231.09027087092,1540.05765255898,2537.38941454151,2471.7260888531,1661.59758949439
80,"33-1",33,741,7,4,6,0.428571429,3,4,0,2,2,3,4,15,8.990909091,2.312691171,3,12,76,79,9,0,3,2,1,5,4,0,0,16,3,3,2,1,24,2,3,1,284.6975,468.2225,425.5225,2581.315,99.8082924001286,137.39874100159,237.297470947427,537.990651058702,0.720519007593393,0.122309684566886,1.79679686380603,2.26013254730023,-510.185510219634,-441.69565298155,29.5400743928552,956.496924965908,562.497061428665,119.682139940157
81,"33-2",33,745,3,2,2,0.142857143,3,0,0,1,0,2,3,16,8.354545455,2.75809522,0,8,77,77,10,1,1,2,0,8,3,0,0,16,3,1,2,0,27,1,1,1,559.095,829.4125,1020.385,2789.795,271.563607571769,334.925334654208,468.961559336518,429.208122016595,0.484316025599837,0.153210001070266,1.65995388249406,2.25225577790567,60.1790292850137,995.729019944668,18.8685877238214,1007.50355114448,962.904227321919,265.66578977449
82,"33-3",33,878,0,0,0,0,0,0,0,0,0,0,0,13,5.890909091,2.686512198,1,11,85,86,10,1,1,2,1,2,2,2,0,24,4,2,2,1,25,3,2,1,242.16,430.845,303.7275,2593.1,29.5155436727115,58.0267933533051,46.7798474673943,425.354341448954,0.788273314833641,0.0274696581723836,1.14284534233112,1.55249681600932,-33.7932962635159,-772.855451583862,63.6163530123234,875.228869746993,119.045631163437,77.6830494167
83,"33-4",33,886,13,7,8,0.571428571,4,8,1,6,5,2,8,21,12.84545455,2.696196314,2,9,106,108,8,0,1,3,1,3,1,2,0,31,4,2,2,1,41,4,3,1,362.87,627.1375,618.7275,3374.255,110.007327621054,140.65458711304,310.556720964287,373.886229026477,0.693901515156031,0.142802562659941,1.28069233671979,1.73369802841641,1975.46911254883,-67.2645283645391,-52.8608544113487,609.00306870393,818.145403410707,181.839046594741
84,"33-5",33,890,5,3,3,0.214285714,4,1,0,3,1,1,3,16,8.736363636,2.547447986,7,14,159,166,15,0,1,6,1,6,4,3,1,58,0,1,1,1,60,3,3,1,512.505,787.515,944.26,3162.2925,258.30980403801,298.071158978081,526.697530011581,606.299843885423,0.555304632615298,0.219308115726955,2.01134345224637,2.49518835387936,637.657688734531,639.151299614459,27.4399743881822,1012.58379519342,1114.10385752491,302.729506967344
85,"67-1",67,1651,4,4,4,0.285714286,0,3,1,3,0,1,3,15,7.654545455,2.480886064,1,6,74,75,9,0,1,6,1,4,1,1,0,30,2,1,1,1,9,4,3,1,201.7525,351.9375,244.0175,2611.2375,46.8418792094177,78.6077383918894,79.3503837561964,617.244220030981,0.824755985438824,0.0539215844514057,1.15520122466238,1.4658445164023,-1465.33139211178,-986.078858089447,56.8631422793865,966.831793955662,186.192796663077,71.3789110307828
86,"67-2",67,1655,8,6,7,0.5,1,5,2,5,0,3,4,18,9.690909091,2.798247992,0,6,47,47,6,0,1,2,0,1,2,1,0,12,5,0,0,1,13,1,1,1,248.5475,508.8375,394.6025,3050.0775,47.3795292635235,92.4810952367589,115.266888709777,817.395746262954,0.761993444785476,0.0738289577273614,1.57187423834573,1.971184516084,-533.009700306654,-812.849016967714,158.514017620087,1288.53698633379,344.235330050685,83.0969669967861
87,"67-3",67,1663,10,7,5,0.357142857,0,9,1,7,0,3,4,19,11.05454545,3.043526334,1,8,61,62,9,0,1,4,3,4,2,1,0,16,2,2,0,1,11,2,3,1,242.4825,422.2,331.285,2545.66,52.8404198381474,92.8485710329305,130.150727253102,480.584610990408,0.770815023928881,0.0617026556643457,1.09290412032421,1.45829414263962,-1391.59768929482,-754.461641387939,80.5090385484509,793.654491169434,214.088174445401,73.7071155279316
88,"67-4",67,1671,7,4,5,0.357142857,5,2,0,3,3,1,4,16,9.663636364,2.412799481,6,9,74,80,13,0,1,2,0,1,4,1,0,27,1,1,0,1,25,0,2,1,539.87,857.325,1110.8225,3317.425,164.767697335409,193.953071281816,389.244684684503,450.708403001698,0.50260920971632,0.147791541003237,1.612778715658,2.14211753450602,657.269852276444,657.822499911785,154.923036793619,591.882124709046,611.903968544368,265.905727117481
89,"67-5",67,1675,7,6,6,0.428571429,2,1,4,5,2,0,4,18,10.73636364,3.339167816,0,9,53,53,6,0,0,4,0,3,3,2,0,14,3,1,1,1,12,0,2,1,389.34,655.07,705.2675,2888.375,97.0292279557775,106.231529899847,190.598676760115,436.304272176883,0.603712166026235,0.109532459697216,1.39113964212424,2.11604469809257,-125.012949720025,267.35909894526,-50.2101435729861,665.194121243486,467.554773745827,123.745298428038
90,"73-1",73,1801,8,7,7,0.5,4,1,3,4,3,1,2,19,11.10909091,3.427748223,0,4,29,29,9,1,0,0,0,0,2,0,0,3,4,0,2,0,7,0,1,0,643.65,889.8725,1154.8075,2638.28,155.379695018558,161.494031000753,284.754126792859,321.398731268736,0.392492163069546,0.129833755744758,1.02635517804614,1.56614724222729,-160.783893695623,1479.68300639153,-60.3384956040978,493.99200011458,631.164506761444,159.37431970762
91,"73-2",73,1805,3,3,3,0.214285714,2,0,1,2,1,0,0,16,8.154545455,2.98677932,0,5,32,32,7,1,0,0,0,0,4,0,0,5,4,0,2,0,8,0,1,0,561.525,775.31,948.7075,2493.9025,187.681446040811,180.076282638559,274.655230576367,291.243342766,0.450720998235047,0.145005033115948,0.970427788253834,1.59414938187714,-395.609729431868,1182.44605831921,-122.361793827415,425.362896912818,707.214856223542,141.39373216469
92,"73-3",73,1813,5,4,4,0.285714286,2,0,3,4,1,0,2,18,9.681818182,3.49555896,0,5,57,57,18,0,0,2,1,2,1,0,0,17,6,1,2,0,4,0,3,0,230.07,428.4175,362.475,2978.24,78.2902196716844,105.123048529236,164.736470268704,563.987723963878,0.779984939694405,0.091649729898273,1.67519422548536,2.1701277261592,26.205069232583,-573.8662356814,-119.939573878646,879.736002256142,512.42280665337,110.914572999191
93,"73-4",73,1821,9,9,8,0.571428571,4,3,2,5,2,2,5,21,11.53636364,3.111615624,0,6,46,46,12,1,0,1,1,1,3,0,0,10,5,1,2,0,6,0,3,0,618.4375,859.9,1028.8275,2731.285,271.903668799294,299.868283532406,427.882251087539,417.93863248845,0.466135964095592,0.195633415535026,1.70026889840865,2.0849216113078,326.230356292129,1392.8549285531,-116.131867961958,793.286593902116,1074.0181123173,248.398083164445
94,"73-5",73,1825,3,3,3,0.214285714,2,0,1,2,1,0,0,16,8.154545455,2.98677932,0,4,38,38,10,0,0,1,1,1,1,0,0,11,4,1,2,0,3,0,3,0,411.3075,615.7725,716.1925,2467.425,164.495577238653,188.598340604968,304.870473246252,324.252986683906,0.563289160989225,0.150739869864203,1.51114562095084,1.92390936994534,-894.619227023125,516.436109108925,-130.593033074141,612.732975796712,686.025359319714,117.06352447944
95,"74-1",74,1826,3,3,3,0.214285714,2,0,1,2,1,0,0,16,8.154545455,2.98677932,0,6,42,42,12,1,0,1,0,3,1,0,0,9,5,0,2,1,5,0,2,0,604.8625,809.305,1016.5675,2416.3725,191.55489235651,192.890795847824,280.142812565896,210.632235401483,0.414126888737082,0.129857080532783,0.798832406824641,1.38206873054551,-417.242224615961,1483.70370920181,-176.922797748968,312.712370191621,648.269912125836,157.628300764603
96,"74-2",74,1830,3,3,3,0.214285714,1,1,1,1,1,1,1,15,7.154545455,2.634236006,0,7,55,55,21,1,0,1,1,4,3,0,0,8,6,0,2,0,7,0,1,0,623.6775,850.2975,989.275,2676.685,236.641154670864,216.754701206196,379.628613364711,713.016772642955,0.444423769898713,0.21948493418938,1.15629594202276,1.59016404096667,421.603663567305,1481.12618306756,-168.554274654984,1032.37860041638,1225.46576982476,191.432102542272
97,"74-3",74,1838,3,3,3,0.214285714,1,0,2,3,0,0,1,16,7.936363636,3.203430709,0,4,34,34,10,0,0,0,0,2,1,0,0,9,4,0,2,0,5,0,1,0,382.395,554.255,637.33,2011.4275,174.060036239048,189.260054940259,295.767945853648,135.785821118377,0.536256302185357,0.151311759990134,1.16877635450522,1.3107570715554,-1527.80606342316,534.584299856424,-138.337011576239,373.947875713942,736.226660101908,124.001775689345
98,"74-4",74,1886,6,6,6,0.428571429,2,1,3,3,2,1,2,17,9.490909091,3.199040724,0,4,35,35,12,0,0,0,1,4,1,0,0,5,5,0,2,0,4,0,1,0,517.1125,742.73,963.8925,2406.895,117.250112220797,133.36293067489,241.994326542891,232.104999519625,0.432817856967449,0.108881858211222,0.884015737468114,1.55744687951463,-694.755415454507,1198.18289558172,-159.465255476683,402.429855815079,603.954670184966,153.812614468635
99,"78-1",78,1926,8,4,4,0.285714286,1,0,7,7,1,0,5,21,12.56363636,3.189798167,2,11,79,81,7,0,1,3,1,3,3,0,0,27,4,1,1,1,25,1,1,2,350.1575,559.72,544.0875,2599.0675,111.186842650993,141.135288017595,213.733865489052,269.662906517802,0.661525315567851,0.100790062321248,1.3906842134203,1.59590329441447,-549.248695005178,-301.504550426677,164.301623693295,652.402055822987,364.815696098591,139.906686458337
100,"78-2",78,1930,3,3,2,0.142857143,2,1,0,0,2,1,2,15,7.7,2.492373689,1,14,88,89,13,1,1,6,1,5,2,2,0,33,5,2,1,1,8,3,3,2,287.9125,527.3725,427.725,2994.8975,54.7712476365946,66.4707427584283,122.979650190193,389.713180301876,0.745288015380502,0.0863504714777206,1.29588270820974,1.87262000299131,683.164706519246,-607.43303229332,94.616808803454,694.074175045254,454.931674991778,79.4662787311655
101,"78-3",78,1938,3,3,3,0.214285714,2,0,1,2,1,0,1,16,8.118181818,3.012913547,1,6,43,44,7,1,1,2,1,3,1,0,0,12,4,2,1,2,6,0,0,1,338.19,602.68,536.015,3096.3375,47.0629493657964,43.5576143103709,94.7728574607635,434.770009310947,0.698796115219593,0.074938073117801,1.2773165474073,1.65899229338692,981.771103147268,-488.008331272602,207.689053082466,767.593434442513,324.140561704217,83.4769164539113
102,"78-4",78,2286,5,3,4,0.285714286,1,2,2,3,1,1,4,14,8.427272727,2.264440271,2,9,79,81,10,1,1,4,1,3,3,0,0,20,4,3,1,1,24,2,2,1,299.61,578.49,448.315,3590.9125,45.437532099667,75.592728164675,106.379025270698,550.306326035725,0.774067905694246,0.0634946517347027,1.20127832011226,1.65733082286175,1542.59571186259,-820.749122142792,138.445955991745,949.000634968646,329.520453620171,96.1883206297152
103,"78-5",78,2290,7,6,6,0.428571429,2,4,1,5,1,1,4,17,9.827272727,2.361227681,7,18,158,165,16,1,1,4,1,5,5,2,0,61,5,3,3,1,48,4,3,2,338.165,546.0275,497.55,2899.595,152.17977686347,172.440049496705,238.610025692346,600.130011791305,0.707073782086372,0.127330868707926,1.75916678481743,2.2604944584489,212.67902073741,-478.826588484049,125.227351946533,1085.95513494894,497.824921826085,207.135913662222
104,"82-2",82,2010,6,5,5,0.357142857,4,1,1,3,3,0,3,15,9.2,2.441235963,0,12,84,84,10,1,1,2,0,0,6,0,0,20,5,1,1,1,34,0,1,1,462.28,724.185,785.49,2623.5975,91.4064793171298,81.8817888382905,157.769667776082,294.346505256376,0.537664221078157,0.0903269906998119,1.18079800730752,1.77922074652877,284.810305879414,813.1991423738,-65.3212759766355,444.742917509712,492.751967424189,136.180823229916
105,"82-3",82,2018,7,6,4,0.285714286,0,7,0,3,0,4,4,18,9.336363636,2.638032603,6,6,86,92,9,1,1,2,2,2,4,0,0,28,3,1,1,0,34,2,1,1,466.8025,742.37,963.29,3026.2075,139.236779248476,201.194548175488,371.689505665083,486.0460228049,0.530413992702961,0.134188325178156,1.53630312489316,1.98137662815114,847.474049031734,789.455849852562,-25.6963814733922,1057.16888617499,759.13925575228,159.037769440645
106,"82-4",82,2306,2,2,2,0.142857143,2,0,0,1,1,0,2,15,7.2,2.920349357,3,10,87,90,12,1,1,3,1,2,3,0,0,22,5,2,2,1,33,0,1,1,321.3275,605.955,526.36,3077.7725,78.4349753435472,85.141533206137,133.247787344031,480.773489925649,0.703947454243898,0.0789557559307253,1.62105331410189,1.84112979011382,1182.18453452587,-287.043995677084,91.1590871056169,881.198267124696,347.472121935261,127.527248490771
107,"85-1",85,2066,10,8,6,0.428571429,0,8,2,8,0,2,4,18,11.07272727,3.018928332,4,10,106,110,14,0,1,3,3,4,4,4,0,47,2,1,0,1,19,3,3,1,236.27,417.9375,354.755,2787.36,93.7197181168924,138.00693235194,209.731347371287,632.459300918483,0.778100537583232,0.105175599362883,1.72069042428206,2.14585332707766,-596.819405179024,-705.588577407598,-12.0854760321975,1349.55291568398,336.895267098086,126.136195127047
108,"85-2",85,2070,9,7,5,0.357142857,3,6,0,5,3,1,4,17,10.33636364,2.458004235,9,11,118,127,15,0,1,4,4,1,9,3,0,43,4,1,1,1,33,2,4,1,265.68,485.3175,404.9175,3255.76,99.0451536226803,139.28129771611,231.317346909399,586.540011732711,0.780860652625561,0.109598565435179,1.46575931195121,1.92283624715563,-252.585373963118,-810.918811045289,55.3924498746544,832.280951387318,413.699050306428,117.298178404565
109,"85-3",85,2078,9,7,8,0.571428571,3,4,2,6,2,1,6,16,10.79090909,2.254843734,0,4,47,47,8,0,1,2,1,1,3,1,0,8,4,2,1,1,9,2,2,1,347.685,627.6575,702.825,2901.9225,57.2452033647421,79.1171219852446,137.177324733546,629.965668391644,0.603522957488895,0.0760651926203716,1.81549858726954,1.93894900553747,-250.230041120052,91.1312731659412,27.2497665087879,1159.44468335782,380.03552656424,111.473029787475
110,"85-4",85,2321,9,6,8,0.571428571,5,3,1,4,3,2,8,18,11.99090909,2.06097623,2,6,62,64,13,0,1,4,1,1,4,1,0,13,4,2,0,1,14,2,2,1,406.26,641.3575,750.59,2667.3075,134.751260310947,160.757042647131,239.871669742098,342.046967921675,0.564710894748569,0.112262187913884,1.55740426001632,2.08652597855128,-343.830995668173,313.573429909945,28.4135126884095,523.331383636018,603.135985407008,171.361105149207
111,"85-5",85,2325,9,6,7,0.5,3,6,0,5,2,2,5,17,9.772727273,2.745000763,1,3,46,47,5,0,1,3,3,2,3,1,0,7,4,1,0,1,13,0,2,1,290.14,434.7775,482.645,2302.2,111.542883848963,128.27940992723,200.984229795689,319.809435739426,0.654147693924606,0.132182661823467,1.24301456612381,1.70182950075138,-1247.45604327202,-354.129861670434,59.7763748823106,520.434305799067,559.693963322061,112.012637400843
