X,PSU_SSU_ID,ID_PSU,ID_SSU,spRich,nrFam,funcGroupsRich,funcGroupsRelRich,Foraging.O,Foraging.W,Foraging.S,Feeding.I,Feeding.G,Feeding.O,bDiv_min,bDiv_max,bDiv_mean,bDiv_sd,EXO,END,NAT,RIQ,CHE,DCH_EVR,FPH_CON,FPH_DEC,FPH_EVR,GEO,HCH,HEL,HYD,LHE,LPH_EVR,MPH_EVR,MPH_NLE,SCH_EVR,THE,TPH_DEC,TPH_EVR,TPH_NLE,winter16_b02_avg,winter16_b03_avg,winter16_b04_avg,winter16_b08_avg,winter16_b02_std,winter16_b03_std,winter16_b04_std,winter16_b08_std,winter16_NDVI_avg,winter16_NDVI_std,wint15_km10c_shn,wint15_km20c_shn,PCA_S2a_spring2016.1_avg,PCA_S2a_spring2016.2_avg,PCA_S2a_spring2016.3_avg,PCA_S2a_spring2016.1_std,PCA_S2a_spring2016.2_std,PCA_S2a_spring2016.3_std
1,104-1,104,2536,4,3,4,0.285714286,0,4,0,2,0,2,3,14,7.490909091,2.459751067,4,7,100,104,13,0,1,4,1,2,1,2,0,27,5,2,2,1,36,4,2,1,231.3175,311.8775,376.475,1471.9225,46.12043397,54.41511744,63.66008082,173.4548875,0.592562241,0.050391731,1.316235146,1.533533701,719.5280156,-445.6683344,-74.2511385,670.1303972,213.2252065,62.52966675
2,104-2,104,2540,4,4,4,0.285714286,1,3,0,3,0,1,4,16,8.4,2.487399438,1,5,50,51,9,1,1,3,1,1,0,0,0,9,5,2,2,1,14,1,0,1,1095.565,1112.91,1076.2525,2198.9425,103.9241615,108.160847,128.7877107,215.2570747,0.343007018,0.0414187,0.672495462,0.841126872,-575.3766453,-466.7446946,-17.03462917,632.2169098,393.5041244,90.10210945
3,104-3,104,2548,6,5,4,0.285714286,3,3,0,4,1,1,5,15,9.2,2.333639124,2,9,97,99,14,1,1,4,2,2,4,0,0,21,5,2,2,1,34,2,3,1,504.32,548.025,517.2825,1647.7825,86.91321746,131.0541581,132.8268426,588.7442226,0.500932656,0.096078962,1.888773709,2.17243015,-149.4221778,-195.6889719,-35.09352003,1214.405135,593.5288918,153.3585691
4,104-4,104,2766,6,5,4,0.285714286,3,3,0,3,1,2,2,17,8.909090909,2.447786697,8,9,114,122,11,1,1,3,1,0,1,0,0,30,5,1,1,1,62,1,2,1,386.3525,523.2475,558.4575,1589.4425,109.8897522,134.1143089,144.9535167,284.2271704,0.479134939,0.102325947,1.291196585,1.71056048,555.708314,851.1453232,50.14380937,939.4109341,903.9951663,299.0125972
5,104-5,104,2770,6,5,4,0.285714286,0,6,0,3,0,3,3,15,8.527272727,2.778386737,2,11,107,109,12,0,1,5,2,3,5,1,0,36,5,1,1,1,30,2,3,1,773.41,809.8875,786.8775,2012.995,134.6812515,130.0039708,137.9194218,334.2782596,0.435986438,0.058859921,1.463887342,1.921074425,-261.9635716,-664.8394611,27.43861481,1122.001891,300.0353385,120.1077897
6,108-1,108,2606,8,7,6,0.428571429,2,5,1,6,0,2,5,17,9.945454545,2.452620256,0,10,68,68,6,0,1,1,0,3,4,1,0,20,3,1,1,1,20,2,3,1,532.9425,576.8375,573.745,1457.0975,70.72842759,72.19231552,79.99201072,202.2176003,0.43406115,0.045581726,0.895314087,0.991257932,-945.291795,-202.9509399,-45.49716202,545.2096759,260.4418883,111.2746489
7,108-3,108,2618,9,5,6,0.428571429,5,3,1,2,4,3,6,16,10.91818182,2.222205773,13,18,109,122,14,0,0,4,1,4,6,2,0,43,3,1,0,1,39,1,2,1,373.935,471.6675,495.085,1512.4075,105.5475318,142.2028871,180.1163305,397.0122457,0.511436687,0.091461895,1.522477087,1.903382518,-363.7076499,494.0263072,-95.6091324,896.8269086,565.2688153,169.6227356
8,108-4,108,2801,8,6,4,0.285714286,0,8,0,6,0,2,3,16,8.909090909,3.16095867,1,7,60,61,11,0,1,5,1,2,3,1,0,16,2,1,0,1,10,3,3,1,492.0575,524.755,522.61,1431.46,59.86789294,74.40628814,93.94400775,315.1668984,0.459813706,0.053898603,0.961018402,1.251108172,-661.9298934,-689.1976459,-32.94990326,581.8484692,205.0598427,78.48960608
9,108-5,108,2805,7,5,5,0.357142857,1,6,0,3,1,3,2,15,8.845454545,2.431393921,0,9,60,60,10,0,1,1,0,2,3,1,0,20,3,1,1,1,10,2,3,1,370.92,481.0975,521.2975,1746.165,68.55459819,83.62392238,98.37582784,247.5416631,0.540550859,0.0559057,1.237565417,1.632965072,189.5585768,159.2248627,-218.5346853,824.0514235,415.0275403,86.12145976
10,127-2,127,3045,8,5,7,0.5,3,4,1,5,2,1,5,17,10.49090909,2.558473794,2,14,104,106,14,0,1,3,1,4,7,1,0,36,2,1,1,1,29,2,2,1,425.315,472.21,460.29,1501.295,52.96654049,80.44722051,91.32821583,355.6113561,0.521393053,0.08459299,1.449054065,1.96311005,256.7763346,-368.6578367,-127.563537,1019.382753,248.1141009,85.43272738
11,127-3,127,3053,11,8,8,0.571428571,3,7,1,7,1,3,5,19,11.22727273,2.932447676,8,16,118,126,14,0,1,3,0,3,5,1,0,48,3,1,1,0,40,3,2,1,658.2875,761.2425,774.9475,1879.67,110.44097,156.3743298,135.3050197,786.7835866,0.384525203,0.11301084,1.360662792,1.622441244,-387.1306866,-418.2848785,-45.11621259,1327.346291,337.1781389,91.89451409
12,127-4,127,3281,3,3,3,0.214285714,2,0,1,2,1,0,2,14,7.481818182,2.677571878,12,12,67,79,9,0,1,0,0,3,4,2,0,23,3,0,1,1,29,0,2,1,1318.6,1392.76,1359.3125,2639.0475,92.88319665,111.0899854,117.9620382,353.8509807,0.316458466,0.057014578,0.890213948,0.859581752,110.6773892,450.2401735,-1.814489158,698.8414387,336.4411788,179.0628681
13,127-5,127,3285,5,4,4,0.285714286,0,5,0,3,0,2,2,14,7.3,2.564936468,4,12,98,102,14,0,1,3,0,3,5,1,0,36,2,1,1,0,30,2,2,1,507.7575,568.355,534.6,1527.8325,82.10924744,114.2182275,107.181597,451.411098,0.47158642,0.068102748,0.947678059,1.270334054,-309.9331476,-493.957942,-24.87969149,1010.208456,246.1432141,73.3218504
14,15/jan,15,291,11,7,9,0.642857143,2,6,3,6,2,3,8,18,12.15454545,2.339083031,1,10,104,105,25,1,3,5,1,2,3,0,0,28,7,2,3,1,18,1,4,1,744.32,846.31,882.195,2130.7675,102.7961586,113.5014774,128.0774436,327.3561188,0.412573224,0.045361507,1.527809165,2.00199561,-121.3053427,431.825724,-47.21487614,837.8419713,530.4515941,116.4023523
15,15/fev,15,295,4,4,4,0.285714286,0,4,0,2,0,2,0,14,6.8,2.544286638,0,7,53,53,12,2,1,0,1,1,1,0,0,12,5,1,3,1,9,0,3,1,604.415,722.255,812.7725,1991.3125,66.44245084,97.25727437,130.6660238,311.4104543,0.419234395,0.058310362,1.103355505,1.73329711,-507.3960263,554.1267616,-95.44947611,715.8908878,470.7954853,107.5277534
16,15/mar,15,303,4,4,4,0.285714286,0,4,0,2,0,2,0,14,6.8,2.544286638,0,8,72,72,22,0,1,2,1,1,3,0,0,18,6,2,3,0,9,0,3,1,694.505,826.65,844.7675,2243.8125,107.8382943,138.5005904,162.236201,336.2023012,0.454548837,0.052949365,1.341848978,1.748018952,501.8855321,211.2948441,-63.06187707,852.8226794,626.4633996,169.3326567
17,15/abr,15,386,4,4,4,0.285714286,1,1,2,3,0,1,1,16,7.836363636,3.012290642,0,14,97,97,27,1,0,3,1,3,2,1,0,31,6,2,3,2,10,1,3,1,823.48,917.56,965.5625,2158.745,84.85886617,85.48573523,87.31848251,170.7460997,0.381717841,0.033707627,1.036329762,1.469209765,-547.8181169,407.1263507,-136.3055106,463.2971468,282.8820017,65.00149595
18,15/mai,15,390,10,7,9,0.642857143,4,5,1,4,3,3,8,19,12.78181818,2.185783164,0,7,49,49,9,1,1,0,1,1,0,0,0,16,5,2,3,1,5,1,3,0,587.565,599.625,550.2175,1786.025,105.2360315,99.03645755,102.3832556,228.069449,0.528125661,0.07429909,0.597613845,1.306712021,-1693.182808,-864.7972881,94.49453497,228.6944363,176.9721,50.43140532
19,169-1,169,3966,4,4,4,0.285714286,0,4,0,2,0,2,0,14,6.8,2.544286638,1,11,59,60,9,0,3,4,0,2,5,0,0,13,4,1,2,1,11,2,2,1,533.7975,654.5075,725.5625,2035.0325,91.60461236,116.0389268,171.818903,338.6173441,0.475711588,0.080904766,1.394811931,1.934586168,-300.8236174,302.5728772,-50.81935847,614.2729394,611.7397981,116.2244517
20,169-3,169,4223,4,2,2,0.142857143,0,4,0,4,0,0,3,14,7.545454545,2.550899692,1,14,90,91,18,0,2,4,1,3,7,1,0,24,5,1,2,1,16,2,3,1,584.355,687.9525,705.4725,1891.8075,91.5510128,127.6619135,155.0028838,323.5546855,0.45899575,0.044994978,1.054683089,1.802354483,-269.3477872,242.2109354,5.439198693,573.3379346,430.353549,115.9084381
21,169-4,169,4231,5,5,4,0.285714286,0,5,0,3,0,2,2,14,7.536363636,2.518472206,0,13,69,69,9,0,0,3,1,3,5,0,0,19,4,1,2,1,16,2,2,1,588.475,585.695,541.0775,1468.54,76.57338364,88.21099662,97.28688678,315.8836964,0.456463687,0.050674487,1.043262643,1.221920981,-1473.087462,-544.1827709,10.49618706,497.4929254,229.2678204,80.52365707
22,169-5,169,4235,5,5,5,0.357142857,2,1,2,3,1,1,3,17,9.009090909,2.953758155,0,9,39,39,8,0,1,0,0,2,3,0,0,8,4,0,1,0,11,0,0,1,793.5725,927.7825,1003.69,2187.9475,72.50978497,94.79472714,119.7856017,284.310492,0.369896743,0.03849032,0.869902064,0.913854563,152.5562498,1052.334244,-185.8636269,690.1974808,404.8341123,105.7786625
23,176-1,176,4296,3,3,3,0.214285714,2,1,0,1,2,0,2,14,6.954545455,2.405598835,17,7,125,142,14,0,1,3,3,3,2,1,0,41,4,2,2,2,60,1,2,1,452.665,648.62,588.6975,2439.3075,195.9128822,203.2020134,278.360535,818.9600061,0.586722776,0.209051361,1.749838644,2.446187422,1359.482811,365.3402075,219.9830414,1294.322534,822.9855106,331.9238276
24,176-2,176,4300,11,6,6,0.428571429,9,2,0,5,4,2,4,19,12.5,3.003820198,9,5,113,122,9,0,1,3,0,3,4,0,0,36,2,2,2,2,54,1,2,1,382.835,617.565,487.225,2792.865,118.1557011,189.6952199,233.6753084,992.1762677,0.684775711,0.139945825,1.67636518,2.320614657,1385.926073,-22.65106162,166.6996798,1047.989619,698.0763092,229.5967135
25,176-3,176,4448,11,10,9,0.642857143,3,7,1,7,1,3,9,21,12.79090909,2.779662228,13,10,164,177,16,0,0,7,4,12,2,5,0,59,0,3,3,0,60,2,3,1,344.69,585.4875,393.7275,2990.4725,51.6595652,152.7689455,100.3283744,1089.728303,0.736157539,0.114886652,1.532604398,1.95199498,1786.511668,-492.6961294,21.07662404,1607.700871,545.8038438,152.700651
26,176-4,176,4456,1,1,1,0.071428571,1,0,0,0,1,0,1,13,6.827272727,2.667710735,2,5,50,52,8,0,1,2,1,2,2,0,0,11,5,2,2,0,14,0,1,1,356.765,405.385,531.275,1104.45,50.48392161,80.66174787,112.975564,221.2139837,0.350642286,0.050713439,1.183456961,1.248314004,177.4523305,154.524545,-41.80646143,768.0773695,271.9429094,54.57164956
27,176-5,176,4460,8,5,5,0.357142857,4,4,0,3,4,1,4,16,9.672727273,2.556190869,8,5,109,117,11,0,1,3,0,3,1,3,0,36,0,1,2,1,53,0,2,0,417.985,647.9875,523.7175,2746.69,87.99940063,148.8175527,162.1786901,886.6731823,0.657489602,0.130060251,1.706947208,2.254393433,1449.769869,84.56993302,41.56811722,979.0148602,652.4568982,174.9874698
28,180-1,180,4316,8,6,6,0.428571429,2,5,1,4,2,2,4,18,9.636363636,2.622161279,1,12,98,99,15,0,0,4,1,5,5,2,0,29,2,2,1,1,28,1,2,1,2225.4275,2159.575,2064.73,3162.545,253.8856032,271.5941233,277.702681,416.6977568,0.210159699,0.01961558,0.623042994,0.65761172,-630.6175108,393.2619828,-60.2126233,909.5014286,700.8988187,161.2122628
29,180-3,180,4528,4,3,3,0.214285714,1,1,2,2,1,1,3,16,8.290909091,2.713694305,0,6,50,50,4,1,0,0,0,5,2,0,0,8,4,1,1,1,23,0,0,0,1856.905,1781.9725,1697.735,2670.085,74.33259252,79.67761951,75.80217477,118.0751758,0.222543131,0.017988942,0,0.077882509,-460.0366568,784.5444036,-239.0419237,375.6520919,362.4208145,122.4315597
30,180-4,180,4536,8,6,7,0.5,4,3,1,4,2,2,5,20,10.89090909,2.796936248,1,8,77,78,9,1,1,2,1,4,5,3,0,17,5,1,2,1,25,1,0,0,2288.4275,2258.6925,2198.86,3327.45,112.7733982,121.8914754,103.814445,198.1620878,0.203813921,0.021358686,0.125941515,0.664064127,-1006.148476,-19.54690488,-77.92194968,539.8650014,331.5002874,86.16184824
31,180-5,180,4540,4,4,3,0.214285714,3,0,1,2,2,0,2,17,8.945454545,3.138504183,0,4,37,37,6,0,0,0,0,2,2,0,0,7,3,0,1,1,15,0,0,0,1868.715,1894.14,1853.2875,2795.3425,232.7291579,247.8413681,230.3525789,312.2001241,0.203194513,0.027946961,0.284833178,0.692346967,-199.5089345,886.3863469,-143.0082498,393.1444979,374.0374876,103.8105504
32,185-1,185,4341,2,2,2,0.142857143,1,1,0,0,1,1,1,14,6.436363636,2.568429616,0,9,40,40,9,0,0,0,0,2,2,0,0,9,4,0,2,0,11,0,0,1,884.8125,974.985,982.2375,2185.0575,141.8407358,162.9466902,172.5739857,340.3123351,0.380677184,0.039945449,1.098596592,1.524776685,-314.2177833,632.523189,-130.4360749,638.1405374,369.1061968,90.3115094
33,185-2,185,4345,5,5,3,0.214285714,0,5,0,4,0,1,2,14,8.009090909,2.7074327,0,14,66,66,10,0,0,3,1,2,5,0,0,19,4,1,2,1,14,2,1,1,593.835,695.8125,752.89,1630.7975,84.51885213,109.2341182,124.9977159,285.805587,0.366068359,0.060112724,0.798609364,0.878521504,-1297.73465,-613.9402105,-8.589731907,487.1898598,226.5982046,64.06965307
34,185-3,185,4628,6,3,5,0.357142857,2,4,0,3,2,1,3,14,8.090909091,2.56849456,0,5,58,58,10,0,1,2,0,1,4,0,0,13,3,1,1,0,15,3,3,1,786.155,846.6775,860.6875,1872.2225,68.37520674,86.80340184,113.0216997,244.8110478,0.369451051,0.040860537,0.803368126,1.106252122,-466.432681,-127.436695,-94.78512563,587.7056353,348.105064,131.7120306
35,185-4,185,4636,10,8,7,0.5,6,3,1,5,3,2,7,17,12.70909091,2.168775305,0,7,74,74,11,0,1,2,0,1,3,0,0,20,3,1,1,0,24,3,3,1,796.8075,908.745,885.6475,2363.585,100.5061399,125.2078772,134.6693649,379.936636,0.450719101,0.079868903,1.215226867,1.747033761,939.2560574,816.7506989,-118.2574147,839.3257432,631.2721759,201.1812558
36,185-5,185,4640,6,5,5,0.357142857,4,2,0,2,2,2,4,16,8.927272727,2.212181002,0,12,86,86,14,0,1,2,0,1,3,2,0,31,3,1,2,0,18,3,4,1,830.9025,923.4375,864.66,2523.585,74.99355357,112.9804964,123.2406794,532.1644344,0.479383559,0.087876144,1.681058753,1.942656699,1040.021311,-218.9420097,-65.41133634,1115.366219,388.2852666,113.8706504
37,190-1,190,4706,2,2,2,0.142857143,1,1,0,2,0,0,2,13,7.436363636,2.455203322,1,8,59,60,7,1,1,2,1,3,1,1,0,10,3,2,3,1,21,1,1,1,299.7975,438.8925,499.0975,1991.1825,49.00449055,57.48920303,83.72899351,155.9324743,0.600721752,0.045835927,0.846112102,1.218388102,-191.3005538,-36.49539108,-67.86784101,442.5927312,214.2458877,61.73305227
38,190-2,190,4710,8,6,6,0.428571429,4,4,0,5,2,1,5,16,9.709090909,2.327913798,8,9,136,144,13,0,0,4,1,3,1,3,0,62,2,1,2,1,47,2,2,0,364.645,626.115,483.425,3024.455,116.9415979,144.2203368,240.7899164,778.875549,0.710169632,0.157877487,1.339198745,1.854068206,2573.520284,157.3155205,84.86984962,1057.593306,881.8382829,282.2766039
39,190-3,190,4733,7,5,4,0.285714286,0,6,1,6,0,1,3,17,9.445454545,2.784578645,7,12,155,162,11,0,1,8,1,7,2,2,0,60,4,5,2,1,50,3,3,2,243.6325,326.2225,333.1225,1751.095,75.70154724,129.3547627,150.2339278,632.0078407,0.681633114,0.077273628,1.536647681,2.050708497,267.3555298,-575.735224,-0.653191319,945.6798901,364.148252,113.3693067
40,190-4,190,5001,2,2,2,0.142857143,2,0,0,2,0,0,2,15,7.327272727,2.665130222,3,13,140,143,15,0,1,5,1,6,6,1,0,48,2,2,3,1,46,3,1,2,270.925,380.245,413.2,1710.83,62.58851877,115.0243953,158.9317408,616.8043248,0.602547645,0.089435261,1.471040221,1.977332931,45.78402225,-88.25357933,-58.39614435,1083.951603,416.9765385,110.6807476
41,190-5,190,5005,7,4,6,0.428571429,3,4,0,4,2,1,4,15,8.809090909,2.421219098,9,7,144,153,11,0,1,5,2,7,2,2,0,55,2,3,2,1,53,3,2,2,322.6475,440.175,417.35,1832.115,260.8268676,324.8817242,382.691317,947.3435101,0.643280268,0.152830084,1.762631228,2.369680292,923.6931996,-293.9074193,127.054853,993.6268085,862.9475934,351.7692614
42,192-1,192,4761,4,4,3,0.214285714,1,2,1,3,1,0,3,13,7.709090909,2.335782503,1,1,26,27,5,0,1,1,1,0,0,0,0,4,5,1,2,0,7,0,0,0,209.21,232.475,264.9375,968.0425,50.87333428,69.55998025,87.84626349,435.6583653,0.538034216,0.139450347,0.46372644,0.794879582,-1950.988505,165.0311346,89.18540152,715.777407,717.0419646,314.2736331
43,192-2,192,4765,4,3,4,0.285714286,1,3,0,1,1,2,3,16,8.018181818,2.438159248,1,3,49,50,7,0,0,2,1,2,2,0,0,9,5,1,2,0,17,0,1,1,354.1275,417.27,512.24,1197.475,58.51543715,73.73543508,97.44329319,268.8296353,0.394251334,0.081801248,0.988743473,1.072947393,-596.6625301,493.212271,-85.68567718,473.7192593,304.220303,79.04024112
44,192-3,192,4773,6,6,4,0.285714286,1,5,0,3,0,3,3,15,9.036363636,2.798844036,2,4,43,45,8,0,1,1,1,2,1,0,0,7,5,2,1,0,14,0,1,1,425.1825,542.7325,755.1025,1650.3675,124.6858878,164.7933192,269.6677469,380.1987509,0.376792305,0.174870586,1.388113862,1.527062013,226.3350498,1824.453554,9.076039864,804.7095141,1447.468575,280.5169659
45,192-4,192,5011,1,1,1,0.071428571,0,1,0,0,0,1,1,13,5.790909091,2.50904951,1,4,49,50,7,0,1,1,1,1,3,0,0,12,5,1,2,0,16,0,0,0,182.725,240.17,269.52,1547.935,65.31703578,104.9745457,134.0909413,535.2668234,0.707170346,0.085750113,1.300197056,1.675344028,-1156.099811,-463.8948906,-0.640707007,706.9003746,342.4903742,90.06141648
46,192-5,192,5015,6,5,5,0.357142857,4,2,0,3,2,1,2,15,8.381818182,2.453164286,13,5,99,112,16,0,1,3,1,1,1,1,0,27,3,1,1,1,51,2,2,0,396.245,604.7175,568.835,2435.9175,119.1573588,166.8677164,238.7605165,579.1846319,0.618701421,0.129790788,1.591711369,2.157937401,1333.026761,753.4133496,31.70423587,790.43579,707.7984293,251.5293944
47,198-1,198,4881,4,4,2,0.142857143,4,0,0,3,1,0,3,16,9.690909091,2.731889337,0,9,49,49,6,1,1,0,0,0,4,0,0,10,3,0,1,0,22,0,0,1,1297.595,1319.7575,1325.985,2083.3025,128.246223,110.7960202,105.9396422,142.0420037,0.222426687,0.022254477,0.319554929,0.447868786,-200.0481633,760.4391844,-242.5547589,316.4219842,219.3752775,97.77431637
48,198-2,198,4885,4,4,4,0.285714286,1,3,0,2,0,2,2,15,7.2,2.522558771,1,13,110,111,17,0,1,4,1,4,4,3,1,38,4,1,1,0,26,2,3,1,207.945,300.085,359.1575,1369.115,53.60293987,80.38645863,108.9899754,299.9070646,0.588278494,0.065108927,1.299798332,1.60468617,111.4219604,-178.7843652,-154.200732,674.4635347,373.0236447,69.16931744
49,198-3,198,4893,7,4,3,0.214285714,7,0,0,4,3,0,4,18,10.57272727,2.833155892,14,8,124,138,14,0,0,1,0,3,5,2,0,42,1,1,0,0,67,0,2,0,518.5725,742.78,676.18,2531.9675,131.5410101,121.5989612,212.1976843,563.5374901,0.565188617,0.152436333,1.52889912,2.03467863,1851.623858,548.6436687,48.04451843,1033.083699,869.5360227,251.6094939
50,198-4,198,5041,6,5,5,0.357142857,1,5,0,2,1,3,4,16,8.381818182,2.258447214,5,8,84,89,14,0,1,3,1,2,1,0,0,23,2,1,3,0,35,1,1,1,1045.6425,1027.8125,995.3775,2057.7675,136.9186675,139.0453032,161.1131858,264.9278304,0.347336139,0.08298778,1.144722665,1.450745195,-588.3155669,100.3293929,-78.20115674,754.7772916,509.587161,98.16945276
51,214-1,214,5281,0,0,0,0,0,0,0,0,0,0,0,13,5.890909091,2.686512198,1,4,45,46,7,0,1,1,1,1,3,0,0,7,4,2,2,1,14,1,0,1,2761.85,2679.315,2604.9325,3384.2425,96.11971702,87.86752831,89.68062489,112.7180202,0.130116626,0.012735085,0,0,-1495.179714,686.3835236,-90.47081403,402.1388965,325.7536785,76.7271752
52,214-2,214,5285,6,4,4,0.285714286,1,5,0,3,1,2,4,15,8.163636364,2.219708522,1,6,99,100,14,0,1,4,2,2,2,0,0,21,5,2,3,1,36,3,3,1,1325.49,1324.1275,1305.24,2426.8,194.0529471,168.7277953,147.8343325,279.2884712,0.300141636,0.038425716,0.686520028,0.824674241,-639.1103729,-195.9036053,-53.8051483,1011.051367,302.2396078,74.29265759
53,214-3,214,5293,6,4,4,0.285714286,4,2,0,1,4,1,3,15,8.836363636,2.328630234,3,4,88,91,10,1,1,3,1,3,2,0,0,21,4,1,2,1,37,2,1,1,2042.245,1934.09,1802.305,2984.4425,137.646618,144.9485844,142.5293075,191.8521953,0.247136391,0.030029472,0,0,-384.2871937,-152.5902906,126.8384396,1152.623157,1047.730237,313.8468966
54,214-4,214,5486,4,4,4,0.285714286,0,4,0,2,0,2,3,15,7.890909091,2.59620561,1,3,22,23,5,0,0,0,1,1,0,0,0,6,3,1,2,1,3,0,0,0,1884.3125,1790,1663.905,2939.8625,47.47234883,50.96541655,50.44012779,147.6387707,0.276676316,0.019492415,0.017475534,0.567761832,-1312.569703,-584.1173824,42.85502397,386.4458925,373.9256147,78.52743158
55,214-5,214,5490,7,4,4,0.285714286,3,4,0,4,3,0,3,16,8.972727273,2.59660714,6,7,130,136,8,0,1,4,1,5,3,0,0,47,1,2,2,1,55,3,2,1,1143.4475,1191.725,1137.33,2494.23,208.8940258,194.421549,167.0245764,389.2741553,0.371618637,0.05291569,1.35698865,1.649824612,755.6266037,-481.7751921,-28.62678779,1141.081443,557.4256267,100.9768417
56,249-1,249,6111,4,4,4,0.285714286,1,2,1,1,0,3,3,16,7.745454545,2.424781703,7,5,134,141,16,0,1,4,1,5,3,3,0,45,2,1,2,1,52,2,2,1,731.9075,874.4775,769.5425,2604.8425,69.43520045,132.5343838,115.6836417,673.2720928,0.53045739,0.078002158,1.75874136,1.96097305,2015.331869,-357.7010616,-51.97791063,1170.780539,490.9886064,130.5505517
57,249-2,249,6115,6,4,6,0.428571429,2,4,0,2,1,3,3,15,7.945454545,2.314043142,9,5,129,138,15,1,1,3,3,3,2,0,0,40,2,1,2,1,58,3,2,1,623.9,781.125,649.0225,2840.8825,74.50639575,132.5229989,116.702359,679.5237376,0.612882741,0.106019145,1.376085092,1.996691242,1358.774894,-192.5581095,-4.812334723,1526.964787,739.2759176,142.971733
58,249-3,249,6123,3,2,2,0.142857143,3,0,0,0,3,0,2,14,7.318181818,2.452977289,15,2,91,106,7,0,1,2,1,5,0,0,0,25,1,1,2,1,57,1,1,1,886.165,999.73,955.0925,2486.77,129.1009311,153.4753198,253.5458493,470.7748501,0.441884579,0.120645361,1.588439754,2.061548225,934.4143182,709.3907531,205.2001822,742.7131319,881.4015758,325.5565396
59,249-4,249,6321,5,5,3,0.214285714,0,2,3,5,0,0,5,17,10.15454545,2.641192265,10,9,153,163,18,0,1,8,1,4,4,3,0,56,2,1,1,1,57,2,3,1,593.7275,766.5725,620.8325,2549.9625,73.45036169,117.0765221,140.9014282,901.2883628,0.571667175,0.149586256,1.885390794,2.344240715,1410.915562,-526.7098159,65.11033505,1921.08556,456.4305914,163.1551271
60,249-5,249,6325,10,6,6,0.428571429,8,2,0,3,4,3,5,18,11.85454545,2.698407154,4,3,99,103,14,0,1,3,0,4,0,2,0,34,0,1,1,0,41,0,1,1,758.0925,922.675,772.705,2890.475,107.6487323,112.3211444,184.1898687,598.3112193,0.566928799,0.122048521,1.410853884,1.925041196,1790.348104,143.6483316,245.7444514,894.2855065,716.4651653,310.4705825
61,252-1,252,6156,6,4,5,0.357142857,0,4,2,5,0,1,4,17,9.072727273,2.778386737,5,9,104,109,13,0,1,5,1,3,2,0,1,25,4,2,2,1,43,2,3,1,159.605,218.305,236.6975,1224.8175,61.02839616,96.48726058,116.4296812,713.1393085,0.651285975,0.084437016,0.89648183,1.24321551,-905.3440906,-714.0735323,29.7628157,1109.431329,184.8887593,101.1820435
62,252-2,252,6160,9,8,5,0.357142857,4,5,0,4,4,1,4,17,10.5,2.547709891,13,6,142,155,12,0,1,4,1,7,4,4,0,61,0,1,1,1,53,2,3,0,323.4225,559.4725,411.2475,2513.11,198.9008115,256.2222939,285.925602,933.7648016,0.708233255,0.141084378,1.593545338,2.078163906,1268.058857,65.83172461,185.082835,999.7079019,681.3859859,358.7963266
63,252-3,252,6168,1,1,1,0.071428571,0,1,0,1,0,0,1,12,6.118181818,2.608144682,9,9,135,144,15,0,1,6,1,1,1,2,1,44,4,2,2,1,58,2,2,1,228.73,368.33,413.33,1841.82,77.75349584,149.8608079,158.628919,699.044925,0.622888858,0.103782726,1.615664921,2.093886317,930.2616701,-500.0982128,-78.88642139,1496.847125,424.5445605,101.8180536
64,252-4,252,6351,8,6,7,0.5,5,2,1,3,4,1,6,19,11.18181818,2.450170629,10,7,118,128,13,0,1,3,1,2,1,1,0,33,4,2,2,1,61,0,2,1,471.3325,636.54,641.9975,2010.775,557.6742988,556.1041296,552.4993678,665.5559715,0.542280219,0.155582877,1.742504208,2.378423404,793.1511503,694.6428824,364.8587678,823.3899758,1089.639314,653.0575527
65,252-5,252,6355,5,4,5,0.357142857,1,3,1,3,1,1,3,14,8.154545455,2.25927797,9,7,145,154,16,0,1,4,1,4,4,3,0,50,4,2,2,1,55,3,3,1,232.765,378.4075,377.5575,1905.245,88.28121946,178.3741005,191.7056058,882.870986,0.667926868,0.089730969,1.460640901,1.97759959,852.1603981,-398.8227041,-20.09559621,1017.220942,441.8814538,126.0891045
66,26/jan,26,491,6,6,5,0.357142857,1,5,0,3,1,2,2,15,8.036363636,2.619360776,0,12,121,121,25,0,1,5,1,6,6,1,0,36,6,2,3,1,21,3,3,1,2121.2325,2119.61,2039.5,3460.345,283.8000963,308.5002738,281.5796829,397.1579372,0.258997116,0.039453962,0.656240871,0.411616333,266.4441662,-190.7072392,-24.42188462,714.4385919,431.6903432,94.61115014
67,26/fev,26,495,4,4,4,0.285714286,2,1,1,2,1,1,2,16,7.763636364,2.976751732,0,6,42,42,8,0,0,0,0,2,0,0,0,12,5,1,3,1,6,0,3,1,1814.3625,1830.465,1852.5575,3050.1325,121.2444706,113.0264625,125.8308197,126.4257038,0.244715491,0.030380737,0.617085735,0.641189812,-129.0826539,239.617669,-27.9686413,534.1884742,215.4510157,55.1855567
68,26/mar,26,658,5,5,3,0.214285714,0,5,0,3,0,2,2,14,7.172727273,2.722179007,0,10,62,62,12,1,0,3,0,2,4,0,0,15,4,2,3,1,10,1,3,1,1574.465,1599.745,1649.29,2839.3875,210.1553043,184.9565416,178.2237925,252.7790547,0.265660789,0.040095549,0.662826981,0.529138504,531.4096441,31.67509347,-26.08848411,652.3042844,347.2584665,111.7224896
69,26/abr,26,666,2,2,2,0.142857143,1,0,1,1,1,0,1,15,7.2,2.951597297,0,9,72,72,17,0,0,3,0,4,4,1,0,20,5,2,3,1,7,1,3,1,1849.955,1795.9075,1739.7175,2878.2525,236.8528153,250.1679214,232.3258292,283.1445051,0.247979353,0.034198938,0.669853242,0.431284936,-912.26276,263.7509855,-90.78194018,606.3339775,312.4321126,63.64984681
70,292-1,292,7176,5,5,4,0.285714286,0,5,0,2,0,3,3,16,8.645454545,2.717886266,4,4,46,50,7,0,1,3,2,1,0,0,0,7,3,2,2,1,18,1,1,1,220.1025,255.8575,213.2425,1627.56,69.61539162,104.5653958,107.9499266,635.4591152,0.766876219,0.068622264,1.519596476,1.774399149,-283.7299315,-831.7716368,83.87780872,1281.689193,302.9753608,141.0980814
71,292-2,292,7180,5,3,5,0.357142857,2,2,1,0,3,2,3,15,7.718181818,2.129443301,13,4,139,152,13,0,1,4,2,4,3,3,1,47,3,2,1,2,59,3,3,1,399.3925,649.235,512.825,2985.9925,88.92816759,109.2939967,188.6415077,679.0649014,0.694569792,0.126078626,1.364805831,1.850828663,2057.893963,305.6100912,59.14120312,1082.412194,910.7528096,220.8422752
72,292-3,292,7308,6,5,4,0.285714286,1,5,0,3,1,2,4,15,8.054545455,2.43761187,14,6,160,174,18,0,1,6,2,7,5,3,2,53,3,2,2,2,61,3,3,1,252.545,361.445,277.3975,2007.83,80.84700719,193.5858354,154.7281697,1096.233623,0.746332909,0.077856389,1.666794561,2.091260783,403.9631149,-783.8610457,76.21319369,1755.768452,585.6511463,145.7098436
73,292-4,292,7316,6,3,4,0.285714286,2,4,0,0,2,4,3,16,8.418181818,2.316204655,8,4,121,129,13,0,1,4,2,5,2,0,1,37,3,2,2,1,49,3,3,1,317.41,457.5775,409.155,2357.52,176.1910045,268.6720318,278.091159,836.737437,0.721168933,0.110916454,1.829252209,2.185370981,575.3946509,-404.5581989,134.5167983,1332.392065,780.0801175,271.824836
74,292-5,292,7320,3,3,3,0.214285714,2,1,0,1,1,1,2,13,7.590909091,2.491436543,2,3,38,40,6,0,1,1,1,1,0,0,0,6,3,2,2,0,15,0,1,1,227.8525,297.925,288.9825,1944.86,58.62617431,91.60668008,115.1674696,441.0820546,0.742756467,0.081654171,1.269727526,1.602539143,250.7924504,-159.4200721,-29.93854403,976.3406498,889.3632757,129.3994589
75,303-1,303,7546,11,5,7,0.5,5,2,4,4,6,1,10,20,13.82727273,2.132574319,4,4,64,68,7,0,1,1,1,1,1,0,0,11,1,2,2,0,38,0,1,1,390.6775,519.825,548.33,2295.13,234.4178488,294.2282363,399.3271611,485.3583831,0.632747297,0.204423035,1.776652194,2.336127144,1247.179167,186.2090859,122.3758877,1446.618101,1229.00782,372.0235209
76,303-2,303,7550,7,5,7,0.5,3,3,1,2,2,3,4,15,9.045454545,2.247879178,15,6,110,125,10,0,2,3,4,6,1,0,0,35,3,3,2,1,48,4,2,1,486.385,524.1125,458.75,1893.165,159.2865729,214.7603662,239.2397996,694.6373481,0.618215132,0.105030022,1.837784265,2.389746454,338.625343,-66.45681389,117.2907969,1490.337137,1175.314415,371.1921974
77,303-3,303,7558,12,8,8,0.571428571,6,4,2,6,4,2,8,21,14,2.306751161,14,5,112,126,11,0,1,4,1,3,2,2,1,30,0,2,2,0,62,3,1,1,878.205,1110.38,1182.5225,2053.4125,349.2977889,381.7387875,498.0884558,847.2999737,0.241623409,0.250145834,2.001698002,2.346408399,1289.737012,2225.617088,1112.692538,1892.916893,1088.333855,654.9136803
78,303-4,303,7631,5,5,4,0.285714286,3,2,0,1,1,3,5,16,9.645454545,2.394896576,7,5,97,104,11,0,1,3,1,3,2,0,0,26,2,2,2,1,46,1,2,1,374.3825,529.7825,538.5925,2323.6625,191.0152697,266.1756071,314.4129852,610.0847828,0.637853838,0.145860207,1.836087867,2.398196071,707.7082531,57.58892994,110.850141,910.1916131,949.4608398,225.1243747
79,303-5,303,7635,6,4,5,0.357142857,1,4,1,3,2,1,4,13,8.327272727,1.944689739,8,4,101,109,9,0,1,6,1,2,1,0,0,24,1,2,2,1,53,3,2,1,1411.18,1688.6775,1744.465,2562.935,1255.809746,1452.51765,1549.230453,1057.949559,0.304202012,0.257506209,1.744666569,2.279635018,2483.588961,2104.476255,1685.66408,2428.190724,2833.173661,1883.795021
80,33-1,33,741,7,4,6,0.428571429,3,4,0,2,2,3,4,15,8.990909091,2.312691171,3,12,76,79,9,0,3,2,1,5,4,0,0,16,3,3,2,1,24,2,3,1,696.9825,748.6425,706.6025,2076.365,62.99880409,92.77490313,94.17317006,425.1036869,0.486142038,0.053408188,1.347405847,1.747215995,-450.5991922,-555.7816412,36.55329731,981.5997565,330.5125237,100.9657394
81,33-2,33,745,3,2,2,0.142857143,3,0,0,1,0,2,3,16,8.354545455,2.75809522,0,8,77,77,10,1,1,2,0,8,3,0,0,16,3,1,2,0,27,1,1,1,814.01,918.64,922.7575,2337.395,102.9974811,142.2911005,181.860184,269.3063846,0.435416784,0.07170483,1.377659404,2.035837676,422.3379279,534.4748241,49.60274832,1089.356642,858.8789187,305.8827459
82,33-3,33,878,0,0,0,0,0,0,0,0,0,0,0,13,5.890909091,2.686512198,1,11,85,86,10,1,1,2,1,2,2,2,0,24,4,2,2,1,25,3,2,1,725.315,767.53,772.2325,1985.4625,43.21150147,48.79489168,72.44915904,157.276471,0.439540299,0.04062794,1.287434065,1.466030344,375.3944954,-632.8747611,5.826601009,879.2896278,219.0045584,105.4700341
83,33-4,33,886,13,7,8,0.571428571,4,8,1,6,5,2,8,21,12.84545455,2.696196314,2,9,106,108,8,0,1,3,1,3,1,2,0,31,4,2,2,1,41,4,3,1,669.4,808.7675,733.395,2698.0375,52.75170002,75.01935218,61.35535979,411.3347015,0.566526733,0.063157968,1.047241357,1.140809097,2855.284034,-428.0533839,-120.868695,1112.482149,248.6612239,81.08162199
84,33-5,33,890,5,3,3,0.214285714,4,1,0,3,1,1,3,16,8.736363636,2.547447986,7,14,159,166,15,0,1,6,1,6,4,3,1,58,0,1,1,1,60,3,3,1,917.7575,1059.7175,1053.7075,2695.745,200.6587864,262.3186906,383.6395773,859.4131704,0.424654211,0.155558407,1.963582839,2.466095002,825.6802552,417.6520676,45.75313033,1248.318082,1295.034424,268.1629548
85,67-1,67,1651,4,4,4,0.285714286,0,3,1,3,0,1,3,15,7.654545455,2.480886064,1,6,74,75,9,0,1,6,1,4,1,1,0,30,2,1,1,1,9,4,3,1,1243.2275,1252.8975,1218.245,2257.1575,116.1118886,115.7654356,124.6005345,512.0344186,0.289639551,0.070025311,0.965297558,0.795269848,-1264.231442,-1025.82327,101.2574661,906.4086373,131.1648311,72.0864241
86,67-2,67,1655,8,6,7,0.5,1,5,2,5,0,3,4,18,9.690909091,2.798247992,0,6,47,47,6,0,1,2,0,1,2,1,0,12,5,0,0,1,13,1,1,1,809.13,816.6325,851.86,1664.5875,73.47560658,105.5176639,137.3984762,369.3745066,0.316637794,0.060094764,0.94780841,0.859619622,-1773.389635,-318.509889,100.1084467,529.9638177,400.5447435,124.1120855
87,67-3,67,1663,10,7,5,0.357142857,0,9,1,7,0,3,4,19,11.05454545,3.043526334,1,8,61,62,9,0,1,4,3,4,2,1,0,16,2,2,0,1,11,2,3,1,926.6,938.94,905.1025,1973.4325,82.21226881,86.30360468,85.86173529,417.9035881,0.361828646,0.068102007,0.647488924,0.965328698,-1416.242339,-790.3690401,62.79539744,659.0256875,252.1882425,65.48191669
88,67-4,67,1671,7,4,5,0.357142857,5,2,0,3,3,1,4,16,9.663636364,2.412799481,6,9,74,80,13,0,1,2,0,1,4,1,0,27,1,1,0,1,25,0,2,1,1007.5175,1146.535,1024.965,3103.945,72.40404379,110.758102,172.8707886,565.9963619,0.495948322,0.099361293,1.275283809,1.853253219,1134.221273,-66.14611086,-42.53524185,966.0206852,763.1691031,147.5135903
89,67-5,67,1675,7,6,6,0.428571429,2,1,4,5,2,0,4,18,10.73636364,3.339167816,0,9,53,53,6,0,0,4,0,3,3,2,0,14,3,1,1,1,12,0,2,1,881.235,959.975,934.5525,2338.7825,80.59185687,120.4412704,122.5382033,424.7868936,0.424696818,0.042041379,1.180862804,1.694508431,-153.9454937,294.1134314,-54.09335876,656.3171227,287.5360292,110.808819
90,73-1,73,1801,8,7,7,0.5,4,1,3,4,3,1,2,19,11.10909091,3.427748223,0,4,29,29,9,1,0,0,0,0,2,0,0,3,4,0,2,0,7,0,1,0,489.305,662.9,745.2475,2058.65,79.42769588,98.08440946,108.4251413,254.4111142,0.468126554,0.050886662,1.223124726,1.465800149,-245.3030798,1089.845042,-66.14652806,459.90321,279.5669985,91.95730704
91,73-2,73,1805,3,3,3,0.214285714,2,0,1,2,1,0,0,16,8.154545455,2.98677932,0,5,32,32,7,1,0,0,0,0,4,0,0,5,4,0,2,0,8,0,1,0,921.35,1020.7075,1068.0775,2291.145,115.0392,114.4249081,112.8572256,212.4045272,0.362974858,0.061313727,1.068276584,1.46015419,-491.6212216,1034.117924,-70.9810234,455.3029202,470.1078842,104.3002487
92,73-3,73,1813,5,4,4,0.285714286,2,0,3,4,1,0,2,18,9.681818182,3.49555896,0,5,57,57,18,0,0,2,1,2,1,0,0,17,6,1,2,0,4,0,3,0,285.66,427.6725,452.055,2010.5375,72.48520305,111.5166137,162.1647016,359.9656327,0.640930593,0.059187185,0.941059726,1.529415488,-795.4791837,194.2732723,-100.3059231,803.3372462,386.6105836,93.59847926
93,73-4,73,1821,9,9,8,0.571428571,4,3,2,5,2,2,5,21,11.53636364,3.111615624,0,6,46,46,12,1,0,1,1,1,3,0,0,10,5,1,2,0,6,0,3,0,544.3775,743.1,804.505,2330.3125,181.6980888,217.639501,238.0988295,288.7070474,0.498456247,0.101658151,0.753333278,1.526163658,151.8361612,1406.268486,-119.3150631,658.7216151,719.4724945,220.1921505
94,73-5,73,1825,3,3,3,0.214285714,2,0,1,2,1,0,0,16,8.154545455,2.98677932,0,4,38,38,10,0,0,1,1,1,1,0,0,11,4,1,2,0,3,0,3,0,913.04,938.5325,979.8725,2213.6375,201.9721398,185.6738832,203.5259277,211.2258436,0.391846807,0.074598601,1.027336959,1.234973824,-1229.658908,529.3949941,-120.6014558,529.888292,559.1597247,90.59908966
95,74-1,74,1826,3,3,3,0.214285714,2,0,1,2,1,0,0,16,8.154545455,2.98677932,0,6,42,42,12,1,0,1,0,3,1,0,0,9,5,0,2,1,5,0,2,0,1097.445,1169.05,1203.9175,2318.8725,92.2314946,109.7017716,111.6499439,179.3821651,0.31652862,0.040010263,0.467581369,0.93929921,-426.1498839,1210.878517,-83.18065,389.6745729,448.9496572,123.2487794
96,74-2,74,1830,3,3,3,0.214285714,1,1,1,1,1,1,1,15,7.154545455,2.634236006,0,7,55,55,21,1,0,1,1,4,3,0,0,8,6,0,2,0,7,0,1,0,1512.285,1505.8,1481.58,2533.54,164.4497128,168.7357531,161.4256616,182.1661182,0.263296469,0.035899455,0.198515243,0.897276865,-209.1173726,1608.025364,-182.1720435,381.6032587,445.5793659,135.8213519
97,74-3,74,1838,3,3,3,0.214285714,1,0,2,3,0,0,1,16,7.936363636,3.203430709,0,4,34,34,10,0,0,0,0,2,1,0,0,9,4,0,2,0,5,0,1,0,1387.17,1420.1125,1423.1225,2474.005,159.8142754,157.8418988,174.2684602,165.5916104,0.27116269,0.055338331,0.06719688,0.381606527,-1677.777166,273.9782776,-86.6669964,294.1686096,515.9879965,91.00865263
98,74-4,74,1886,6,6,6,0.428571429,2,1,3,3,2,1,2,17,9.490909091,3.199040724,0,4,35,35,12,0,0,0,1,4,1,0,0,5,5,0,2,0,4,0,1,0,1271.535,1365.915,1377.18,2657.185,116.9977991,100.2800228,125.2190766,177.6787695,0.317526824,0.044458119,0.815410848,0.927967725,-667.7068514,866.6953085,-104.1214368,576.4007059,353.3130857,74.96164773
99,78-1,78,1926,8,4,4,0.285714286,1,0,7,7,1,0,5,21,12.56363636,3.189798167,2,11,79,81,7,0,1,3,1,3,3,0,0,27,4,1,1,1,25,1,1,2,343.5425,422.6525,411.4975,1487.73,75.89643513,105.3515977,118.0390318,330.7407227,0.568084515,0.056173521,1.441153192,1.687980715,-846.4658751,-135.8086728,143.8739014,744.7785543,333.2534304,125.0869335
100,78-2,78,1930,3,3,2,0.142857143,2,1,0,0,2,1,2,15,7.7,2.492373689,1,14,88,89,13,1,1,6,1,5,2,2,0,33,5,2,1,1,8,3,3,2,364.8325,463.86,499.9625,1947.5275,43.87821428,51.59224554,77.83113328,133.6543413,0.592615986,0.048704208,0.784399498,0.926077515,-216.5956953,60.81067749,77.50109092,215.7060727,319.7283872,84.44971923
101,78-3,78,1938,3,3,3,0.214285714,2,0,1,2,1,0,1,16,8.118181818,3.012913547,1,6,43,44,7,1,1,2,1,3,1,0,0,12,4,2,1,2,6,0,0,1,421.4275,513.0375,555.665,1840.8475,39.44222314,40.82023791,67.6291878,105.4668544,0.537106515,0.039516938,1.188405411,1.167216858,-187.6525276,192.8904199,89.58907796,148.0350452,197.0368819,76.91327449
102,78-4,78,2286,5,3,4,0.285714286,1,2,2,3,1,1,4,14,8.427272727,2.264440271,2,9,79,81,10,1,1,4,1,3,3,0,0,20,4,3,1,1,24,2,2,1,439.495,552.0475,599.1725,2115.8425,43.46663486,57.31726105,75.35425272,338.6750355,0.554906642,0.046199786,1.467555036,1.656057441,-22.61039451,-103.2156649,-24.59215082,561.6159602,200.9804323,54.96368075
103,78-5,78,2290,7,6,6,0.428571429,2,4,1,5,1,1,4,17,9.827272727,2.361227681,7,18,158,165,16,1,1,4,1,5,5,2,0,61,5,3,3,1,48,4,3,2,370.6375,451.05,449.78,1969.96,125.2367826,141.5307206,165.6489225,317.5983788,0.630277181,0.109709075,1.366178361,2.021535222,-137.3884505,-299.469098,103.4559861,899.2366974,444.3070606,178.9028857
104,82-2,82,2010,6,5,5,0.357142857,4,1,1,3,3,0,3,15,9.2,2.441235963,0,12,84,84,10,1,1,2,0,0,6,0,0,20,5,1,1,1,34,0,1,1,236.4875,351.1025,394.73,1321.7225,75.20354897,79.46369101,99.94420549,202.808898,0.540364159,0.1012284,1.038147158,1.361618684,-73.73479661,781.6640022,-161.6939989,472.7467002,412.9184768,84.15735112
105,82-3,82,2018,7,6,4,0.285714286,0,7,0,3,0,4,4,18,9.336363636,2.638032603,6,6,86,92,9,1,1,2,2,2,4,0,0,28,3,1,1,0,34,2,1,1,194.2525,409.2625,286.2,2244.7325,57.87137881,136.9633747,90.25649887,650.3223499,0.770527527,0.050968993,1.308093456,1.502529275,2077.689616,-22.30367404,-67.87334368,1440.573702,713.5117604,110.2415809
106,82-4,82,2306,2,2,2,0.142857143,2,0,0,1,1,0,2,15,7.2,2.920349357,3,10,87,90,12,1,1,3,1,2,3,0,0,22,5,2,2,1,33,0,1,1,256.005,361.3175,417.3125,1716.7675,73.51354009,81.46857994,124.1581772,205.4905822,0.608755715,0.111168444,1.104531755,1.548248454,93.8325515,36.16655646,-68.27694531,510.2279158,324.0119335,127.994509
107,85-1,85,2066,10,8,6,0.428571429,0,8,2,8,0,2,4,18,11.07272727,3.018928332,4,10,106,110,14,0,1,3,3,4,4,4,0,47,2,1,0,1,19,3,3,1,1521.1,1545.9125,1529.91,2518.71,175.4358982,203.346513,228.0271977,268.2786135,0.245799101,0.062864061,0.851804472,1.156984377,47.2302567,-818.0407455,-23.43291996,1636.826495,241.1961544,134.1367862
108,85-2,85,2070,9,7,5,0.357142857,3,6,0,5,3,1,4,17,10.33636364,2.458004235,9,11,118,127,15,0,1,4,4,1,9,3,0,43,4,1,1,1,33,2,4,1,1039.63,1094.38,1088.275,2355.765,73.29384742,80.65002583,103.8236136,514.7685854,0.35849917,0.069930149,1.069003863,0.961500968,-294.8574937,-688.0593098,23.24607551,903.1380957,235.2058619,99.13961198
109,85-3,85,2078,9,7,8,0.571428571,3,4,2,6,2,1,6,16,10.79090909,2.254843734,0,4,47,47,8,0,1,2,1,1,3,1,0,8,4,2,1,1,9,2,2,1,1421.42,1451.93,1461.4275,2449.295,114.6791038,99.84915992,116.0038663,274.977079,0.25040663,0.052698104,1.047598888,0.991013471,-1033.51875,128.2489267,-97.68206806,688.5731227,295.4984232,76.01233091
110,85-4,85,2321,9,6,8,0.571428571,5,3,1,4,3,2,8,18,11.99090909,2.06097623,2,6,62,64,13,0,1,4,1,1,4,1,0,13,4,2,0,1,14,2,2,1,1269.1625,1305.08,1288.2,2493.95,119.3348151,124.4988293,115.8222647,263.1973587,0.317606068,0.037259771,0.580756398,0.670365874,-189.284154,66.44443052,-45.06864128,733.6372102,405.3674839,176.6475136
111,85-5,85,2325,9,6,7,0.5,3,6,0,5,2,2,5,17,9.772727273,2.745000763,1,3,46,47,5,0,1,3,3,2,3,1,0,7,4,1,0,1,13,0,2,1,858.05,900.5625,878.195,2179.1475,53.69539541,61.32461059,72.23268566,246.1282257,0.422628552,0.054707072,1.420613806,1.492203648,-1270.395296,-351.2521908,-1.667143581,517.0779645,439.5825061,102.1910394
